,,,,,,,,,
KAMAK ASSOCIATES,,,,,,,,,
LIST OF Items   PERIOD FROM 01-04-2024 TO 14-10-2024,,,,,,,,,
,,,,,,,,,
S.No,Item Code,Item Name,Group,Brand,Model,MRP,Net Sal Qty,Close Qty,Close Val
1,AC1,AIR CONDITIONER,Primary,Primary,Primary,5000,,2,
2,OP-11-S,BATHSENSE OP-11-S SINGLE PIECE S TRAP 220MM,SANITARY,ESS ESS,Primary,9750,7,2,
3,OP-14-S,BATHSENSE OP-14-S SINGLE PIECE S TRAP 225MM,SANITARY,ESS ESS,Primary,9750,,3,
4,WT22,BOTTLE TRAP,CP,WATER-TEC,Primary,523,23,4,1195.2
5,CS04,CARYSIL BIG BOWL SINK NERA 24x18,SANITARY,CARYSIL,BIG BOWL,11550,14,2,12712.02
6,CS56B,CARYSIL CS56B BEETHOVEN ONLY BOWL MONTANA,SANITARY,CARYSIL,BEETHOVEN,10000,,1,4957.62
7,CS26,CARYSIL JAZZ SINK WITH DRAIN BOARD NERA 40x20,SANITARY,CARYSIL,JAZZ,16700,,1,10614.53
8,CS40,Carysil Jumbo Sink 31x19 Nera,SANITARY,CARYSIL,JUMBO,16050,1,1,8834.85
9,CS15,Carysil Sink Swan New Ascend Nera 34x20,SANITARY,CARYSIL,Swan New Ascend,14700,,1,9343.33
10,CS46C,CARYSIL SS ELEGANCE SINK 30*18*9 MATT FINISH,SANITARY,CARYSIL,ELEGANCE,13810,,2,9022.14
11,CS11A,Carysil  Swan Sink Nera 25x22,SANITARY,CARYSIL,SWAN,10000,,1,6356.01
12,CS35,CARYSIL VIVALDI SINK TWO BOWL NERA 34x20,SANITARY,CARYSIL,VIVALDI,16200,1,1,8072.02
13,CS32,"""CARYSIL WALTZ 780  SINK NERA 31""""x20""""""",SANITARY,CARYSIL,Walts 780,16275,,1,8961.93
14,ME01,Corner Clamp,Primary,Merit,Primary,80,18,23,1380.00
15,EN15,Ess Ess 1.5 Inch Nipple,CP,ESS ESS,Primary,110,4,26,1222.26
16,AC 102,ESS ESS AC 102 CROMA TOWEL RING,CP,ESS ESS,CROMA,1100,19,4,2080.00
17,AC 108,ESS ESS AC 108 CROMA TOWEL BRACKET  600mm,CP,ESS ESS,CROMA,4130,8,4,7425.6
18,AC-701,ESS ESS AC-701 DEON TOWEL RAIL,CP,ESS ESS,DEON,1030,17,4,1830.4
19,AC702,ESS ESS AC702  TOWEL RING,CP,ESS ESS,DEON,840,7,9,3510.00
20,AC-703,ESS ESS AC-703 DEON SOAP DISH,CP,ESS ESS,DEON,710,,3,978.93
21,AC-704,ESS ESS AC-704 DEON TUMBLER HOLDER,CP,ESS ESS,DEON,700,,5,1560.00
22,BHOH101,ESS ESS BHOH101 5 FLOW OVER HEAD SHOWER,CP,ESS ESS,Primary,1600,2,3,2301.00
23,C230C,"""Ess Ess C230c 3"""" Full Thread Waste Coupling""",CP,ESS ESS,Primary,400,21,11,1830.4
24,AC-103,ESS ESS CROMA AC-103 SOAP DISH,CP,ESS ESS,CROMA,950,2,4,1761.64
25,INPC101,ESS ESS INPC101 INVICTUS PILLAR COCK,CP,ESS ESS,INVICTUS,2200,,1,1018.1
26,P101,ESS ESS P101 PRIMUS PILLAR COCK,CP,ESS ESS,PRIMUS,990,19,5,2470.00
27,P103A,ESS ESS P103A PRIMUS TWO WAY BIB COCK,CP,ESS ESS,PRIMUS,1500,5,3,2215.32
28,P103,ESS ESS P103 PRIMUS BIB COCK with wall flange,CP,ESS ESS,PRIMUS,920,5,2,915.2
29,P105,ESS ESS P105 PRIMUS long body bib cock,CP,ESS ESS,PRIMUS,1130,9,7,4004.00
30,P112,Ess Ess P112 Primus ANGLE CLOCK WITH WF,CP,ESS ESS,PRIMUS,650,16,19,6202.93
31,P114,ESS ESS P114 PRIMUS WALL MOUNTED SINK COCK,CP,ESS ESS,PRIMUS,1630,,3,2418.00
32,PP-103,Ess Ess Pp-103 Primus Pro Bib Cock,CP,ESS ESS,PRIMUS PRO,1050,1,5,2223.95
33,PP-105,ESS ESS PP-105 PRIMUS PRO LONG BODY,CP,ESS ESS,PRIMUS PRO,1200,4,1,
34,PP-122,ESS ESS PP-122 PRIMUS PRO 2 IN 1 WALL MIXER,CP,ESS ESS,PRIMUS PRO,4400,2,5,
35,RF-202,"""ESS ESS RF-202 RFS SQUARE RAIN FALL SHOWER W/O ARM  4""""""",CP,ESS ESS,RFS SQUARE,1300,2,3,1872.00
36,RF-204,"""ESS ESS RF-204 RFS SQUARE RAIN FALL SHOWER W/O ARM  6""""""",CP,ESS ESS,RFS SQUARE,2000,7,7,7280.00
37,SA106N,"""ESS ESS SA106N ARM """"15"""""""" RFS arm square New""""""",CP,ESS ESS,ARM,2000,25,4,4160.00
38,SA-107N,"""ESS ESS SA-107 ROUND SHOWER ARM  18""""""",CP,ESS ESS,ROUND,1750,10,3,2730.00
39,WM-18-X,ESS ESS WM-18-X WASH BASIN 400X320X140,SANITARY,ESS ESS,Primary,1250,9,4,
40,SG16,"""EXTENSION NIPPLE 1 1/2""""""",CP,SANGAM,Primary,70,,10,461.9
41,SG70,FOAM FLOW,Primary,Primary,Primary,50,,2,
42,FF1,Foam Flow,Primary,Primary,Primary,50,1,2,
43,NW-017D,FUTRA NW-017D GRATING WITH HOLE 5*5,CP,FUTURA,Primary,200,10,6,684.00
44,NW003-003,FUTURA NW003-003 NEO GRATING SS15X15CMS (6X6),CP,FUTURA,Primary,620,15,6,
45,NW-006,FUTURA NW-006 COCKROACH TRAP,CP,FUTURA,Primary,550,31,1,313.5
46,TR 7552,GERMA TR 7552 PLAIN MIRROR 60X76CM,SANITARY,GERMA,Primary,2200,,1,
47,TR ACR LED 153,GERMA TR ACR LED 153  MIRROR 60X80CM,SANITARY,GERMA,Primary,12300,,1,
48,TR LED 004 A,GERMA TR LED 004 A LED MIRROR,SANITARY,GERMA,Primary,15000,,1,
49,TR LED 021,GERMA TR LED 021 LED MIRROR,SANITARY,GERMA,Primary,7600,,1,
50,TR LED 023,GERMA TR LED 023 LED MIRROR,SANITARY,GERMA,Primary,7600,,1,
51,TR LED 024,GERMA TR LED 024 LED MIRROR,SANITARY,GERMA,Primary,9600,,1,
52,TR LED 032,GERMA TR LED 032 LED MIRROR,SANITARY,GERMA,Primary,11000,,1,
53,TR LED 041,GERMA  TR LED 041 LED MIRROR,SANITARY,GERMA,Primary,9600,,1,
54,TR LED 141,GERMA TR LED 141 BLACK ALU FRAME MIRROR 60X60CM,SANITARY,GERMA,Primary,7700,,1,
55,TR LED 148,GERMA TR LED 148 GOLD ALU FRAME MIRROR 90X45CM,SANITARY,GERMA,Primary,7700,,1,
56,TR LED 151-A,GERMA TR LED 151-A TRANS MIRROR,SANITARY,GERMA,Primary,13800,,1,
57,TR LED 151-C,GERMA TR LED 151-C TRANS MIRROR,SANITARY,GERMA,Primary,14800,,1,
58,13252000,GROHE 13252000 CONTEMPORARY BATH SPOUT,G2,GROHE,CONTEMPORARY,1982,6,3,3747.45
59,13254000,GROHE 13254000 CONTEMPORARY BATH SPOUT WITH DIVERTOR,G3,GROHE,CONTEMPORARY,5050,,2,4979.06
60,13255001,GROHE 13255001(NEW) BAU COSMO BATH SPOUT,G2,GROHE,BAU COSMO,2266,4,3,4854.9
61,13390000,GROHE 13390000 BAU CONTEMPORARY BATH SPOUT,G2,GROHE,BAU CONTEMPORARY,3245,10,3,6289.32
62,20235000,GROHE 20235000 BAU FLOW BASIN BIB TAP,CP,GROHE,BAU FLOW,2850,,1,
63,20280000,GROHE 20280000 BAU FLOW BASIN BIB TAP 2-IN-1,G2,GROHE,BAU FLOW,3780,,1,2178.3
64,2201600M,GROHE 2201600M  ANGLE VALVE,G3,GROHE,Primary,1036,,4,16459.96
65,23425LS0,GROHE 23425LS0 EUD JOYSTICK OHM BASIN,G3,GROHE,JOY,56795,,1,7219.56
66,23462GL1,GROHE 23462GL1 ESSENCE SINGLE LEVER BASIN MIXER,G3,GROHE,Primary,30430,,1,9788.1
67,23962001,GROHE 23962001 BAU LOOP PILLAR COCK,CP,GROHE,BAU LOOP,8550,,1,
68,23971003,GROHE 23971003 EUROSMART OHM VESSAL BASIN SMTH B XL,SANITARY,GROHE,EURO SMART,22170,,1,5778.78
69,26089001,GROHE 26089001 TEMPESTA RUSTIC 100 HEAD SHOWER SET,G3,GROHE,TEMPESTA,6580,,1,3066.93
70,26267001,GROHE 26267001 N TEMPESTA HEAD SHOWER,G2,GROHE,N TEMPESTA,3369,,1,2277.98
71,26352000,GROHE 26352000  HEALTH FAUCET,G2,GROHE,NEW TEMPESTA,2065,71,9,11732.31
72,26479LS0,Grohe 26479ls0 Smartactive 310 Head Shower Set 400mm,G3,GROHE,Primary,0,,1,
73,26483000,Grohe 26483000 Smart Active Rough Inst Head Shower,G3,GROHE,SMART,23119.90,,1,
74,26663000,GROHE 26663000 TEMPESTA HEAD SHOWER ROUND 380MM,G3,GROHE,TEMPESTA,16000,,1,7457.61
75,27541001,Grohe 27541001 Tempasta Head Shower,G2,GROHE,TEMPESTA,9800,3,4,17410.2
76,27851000,GROHE 27851000 SHOWER ARM,G2,GROHE,NEW TEMPESTA,2750,4,3,2802.03
77,27869001,"""Grohe 27869001 Ntempcosmopolitan 100 Iv Headshw Set 9,5""",G2,GROHE,N-TEMPESTA COSMO,6580,,1,2625.00
78,27923001,GROHE 27923001 N TEMPESTA SHOWER,G2,GROHE,NEW TEMPESTA,2070,1,2,1753.7
79,29049000,GROHE 29049000  TWIN ELBOW,G3,GROHE,Primary,1410,,3,2130.3
80,29063001,Grohe 29063001 Bau Edge Con Div Lockable,G2,GROHE,BAU,6632,9,2,9247.42
81,29065000,GROHE 29065000 BAU FLOW OHM SET BATH,G2,GROHE,BAU FLOW,6360,17,3,13540.11
82,29126000,GROHE 29126000 GRT THM TRISET SQUARE,G2,GROHE,SMART,122380,,1,63088.92
83,31228000,GROHE 31228000 BAU EDGE WALL TAP SINK,G2,GROHE,BAU EDGE,5560,,1,2915.63
84,32809000,GROHE 32809000 BAU CURVE OHM COLD WATER BASIN,G2,GROHE,BAU CURVE,3450,2,4,7094.92
85,32813000,GROHE 32813000 BAU FLOW OHM COLD WATER BASIN,G2,GROHE,BAU FLOW,2584,1,4,7094.92
86,32861001,GROHE 32861001(NEW) BAU EDGE PILLAR TAP,G2,GROHE,BAU EDGE,3550,2,3,5453.37
87,35600000,GROHE 35600000 RAPIDO SMART BOX,G2,GROHE,RAPID,14920,,1,6317.5
88,38505000,GROHE 38505000 STAKE AIR FLUSH PLATE (OVAL),G2,GROHE,STAKE AIR,3550,2,1,1779.66
89,38732000,GROHE 38732000 COSMO FLUSH PLATE (SQUARE),G2,GROHE,COSMO,4100,23,8,14237.28
90,3916500I,GROHE 3916500I UNISET CONCEALED TANK HALF FRAME,G2,GROHE,UNISET,9530,26,1,5249.57
91,39440000,Grohe 39440000 Bau Ceramic Wash Basin 55cm,G2,GROHE,Bau Ceramic,4447,1,3,9129.00
92,3956500H,GROHE 3956500H ESSENCE BASIN WALL HUNG 60CM,G3,GROHE,ESSENCE,17490,,1,7139.03
93,39706000,GROHE 39706000 BAUCERAMIC WALVITPAN,G2,GROHE,BAU,13990,1,4,23711.88
94,29064000,GROHE BAUCURVE 29064000 CONCEALED DIVERTOR,G2,GROHE,BAU CURVE,9350,4,4,18999.28
95,WT11,HEALTH FAUCET 15Mtr,CP,WATER-TEC,PREMIUM,664,29,2,758.4
96,SG19,HEX NIPPLE,CP,SANGAM,Primary,100,107,28,1137.92
97,10385IN-AF(POP),KOHLER 10385IN-AF(POP) COMPLEMENTARY BATH SPOUT W/O DIVERTER,CP,KOHLER,COMPLEMENTARY,3590,,2,2074.04
98,10385IN-BV,KOHLER 10385IN-BV COMPLEMENTRY SPOUT BRONZE,CP,KOHLER,COMPLEMENTARY,4200,,1,
99,10614IN-0,KOHLER 10614IN-0 PATIO SEAT COVER,SANITARY,KOHLER,Primary,3000,5,2,
100,10712IN-AF(PRE),KOHLER 10712IN-AF(PRE) LIQUID SOAP DISPENSER,CP,KOHLER,Primary,5170,,1,2708.27
101,11479IN-VC1-0,KOHLER 11479IN-VC1-0 FOREFRONT REC SEMI RECESSED BASIN,SANITARY,KOHLER,FORE,20500,,1,
102,12067IN-CP,KOHLER 12067IN-CP(POP) SHOWER HOSE 1.5M,CP,KOHLER,Primary,1820,,5,3859.6
103,13900IN-4-CP,KOHLER 13900IN-4-CP WASHING MACHINE TAP,CP,KOHLER,Primary,1590,,5,
104,16093IN-4-CP,KOHLER 16093IN-4-CP JULY BIB COCK,CP,KOHLER,JULY,3500,,10,
105,16346IN-BV,KOHLER 16346IN-BV MASTERSHOWER ARM BRONZE,CP,KOHLER,Primary,5820,,3,
106,16351IN-CP,KOHLER 16351IN-CP FINIAL SF SHOWER HEAD W ARM,CP,KOHLER,Primary,6000,,2,
107,16356IN-A-AF(POP),KOHLER 16356IN-A-AF(POP) SHOWER HEAD W ARM FRENCH GOLD,CP,KOHLER,Primary,3130,,2,
108,16356IN-A-CP(POP),KOHLER 16356IN-A-CP(POP) SHOWERHEAD W ARM & ESCUTCHEON,CP,KOHLER,Primary,2400,,1,1583.93
109,16359IN-A-CP(POP),KOHLER 16359IN-A-CP(POP) COMPLEMENTARY HAND SHOWER W HOSE,CP,KOHLER,COMPLEMENTARY,2530,,5,8049.75
110,17530T-ST(POP),KOHLER 17530T-ST EOLIA TOILET BRUSH HOLDER,CP,KOHLER,Primary,2320,1,1,
111,17660T-M-0(PRE),Kohler 17660T-M-0(PRE) Ove Elongated Soft Close Seat Cover,SANITARY,KOHLER,OVE,5565,,2,3147.78
112,18361IN-CL-BV,KOHLER 18361IN-CL-BV KATALYST SQ SHOWER HEAD,CP,KOHLER,Primary,35800,,1,
113,20138IN-CP,KOHLER 20138IN-CP SQUARE SHOWER ARM W/M,CP,KOHLER,Primary,6000,,2,
114,20189IN-P-CP(PRE),KOHLER 20189IN-P-CP(PRE) GRAPH INWALL TANK PUSH PLATE,CP,KOHLER,Primary,3400,,1,2019.33
115,2018IN-1WH-0,KOHLER 2018IN-1WH-0 FOLIO WALL HUNG BASIN 610MM,SANITARY,KOHLER,Primary,4800,1,2,
116,20218IN-0,KOHLER 20218IN-0 TRACE WALL HUNG CLOSET,SANITARY,KOHLER,TRACE,17500,,4,
117,20219IN-UF-0,KOHLER 20219IN-UF-0 TRACE QUIET CLOSE SLIM SEAT COVER,SANITARY,KOHLER,TRACE,5500,,4,
118,20585IN-4-CP(POP),KOHLER 20585IN-4-CP(POP) JULY DM COLD ONLY KITCHEN FAUCET,CP,KOHLER,JULY COMFORT,5300,,1,3372.61
119,20590IN-4-CP(PRE),KOHLER 20590IN-4-CP(PRE) ALEO+ WM COLD ONLY KITCHEN FAUCET,CP,KOHLER,ALEO,7250,,1,3836.72
120,20704-0(LUX),KOHLER 20704-0(LUX) VEIL SMALL BOWL,SANITARY,KOHLER,VEIL,25370,,1,10359.69
121,20740IN-A-NA,KOHLER 20740IN-A-NA AUTOSENSE PLUS 235 THEMOSTAT VALVE,CP,KOHLER,Primary,12500,,6,48104.88
122,20742IN-9FP-AF,KOHLER 20742IN-9FP-AF AUTOSENSE 235+ UPPER TRIM FRENCH GOLD,CP,KOHLER,Primary,13800,,2,
123,20742IN-9FP-BL,KOHLER 20742IN-9FP-BL AUTOSENSE THERMO UPPER TRIM BLACK,CP,KOHLER,Primary,15400,,2,
124,20746IN-CP,KOHLER 20746IN-CP COMPLEMENTARY GRID DRAIN,CP,KOHLER,COMPLEMENTARY,700,,2,
125,21226IN-HP1(LUX),KOHLER 21226IN-HP1(LUX) MODERN LIFE EDGE HONED PEACOCK BOWL,SANITARY,KOHLER,Modern Life Edge,42000,,1,22423.86
126,22446IN-BL,KOHLER 22446IN-BL WALL SHOWER ARM BLACK,CP,KOHLER,Primary,8400,,3,
127,22534IN-4ND-AF,KOHLER 22534IN-4ND-AF HONE BASIN MIXER,CP,KOHLER,HONE,11560,,1,
128,22539IN-4-AF,KOHLER 22539IN-4-AF HONE TALL PILLAR COCK FRENCH GOLD,CP,KOHLER,Primary,6610,,4,
129,22541IN-4FP-CP,Kohler 22541in-4fp-cp Hone Upper Trim,CP,KOHLER,HONE,5250,,1,
130,22645IN-CP,KOHLER 22645IN-CP PARALLEL SQ SHOWER W ARM,CP,KOHLER,Primary,4000,1,1,
131,22860IN-2-0,Kohler 22860in-2-0 Purewash Bidet Attachment,SANITARY,KOHLER,PUREWASH,4000,,2,
132,22928IN-NA(LUX),KOHLER 22928IN-NA(LUX) VITALITY 30*40 RECT LIGHT MIRROR,SANITARY,KOHLER,VITALITY,30150,,1,8272.47
133,23147IN-4-CP(PRE),KOHLER 23147IN-4-CP(PRE) TOOBI EXPOSED PUSH BUTTON BATH & SH,CP,KOHLER,TOOBI,11440,1,1,6794.48
134,23496IN-4-CP(PRE),KOHLER 23496IN-4-CP(PRE) PARALLEL TRIM ASSY,CP,KOHLER,PARALLEL,9170,,1,5446.26
135,23512IN-BV,KOHLER 23512IN-BV PARALLEL BATH SPOUT BRONZE,CP,KOHLER,PARALLEL,9110,,2,
136,23512IN-CP,KOHLER 23512IN-CP PARALLEL BATH SPOUT,CP,KOHLER,Primary,6510,,2,
137,23657IN-CP(POP),KOHLER 23657IN-CP(POP) RAIN DUET SINGLE FLOW SHOWER W ARM,CP,KOHLER,RAIN DUET,2690,,1,1711.77
138,23966IN-4ND-RGD,KOHLER 23966IN-4ND-RGD VIVE BASIN MIXER ROSE GOLD,CP,KOHLER,VIVE,13300,,1,
139,23971IN-4FP-CP(PRE),KOHLER 23971IN-4FP-CP(PRE) VIVE AT 235 RBS TRIM,CP,KOHLER,VIVE,5400,,2,6224.3
140,23973IN-AA-CP(PRE),KOHLER 23973IN-AA-CP(PRE) VIVE BATH SPOUT W/O DIVERTER,CP,KOHLER,VIVE,4460,,2,5143.28
141,23973IN-AA-RGD(PRE),KOHLER 23973IN-AA-RGD(PRE) VIVE BATH SPOUT W/O DIV ROSE GOLD,CP,KOHLER,VIVE,6700,,1,1606.16
142,23973IN-AA-RGD,KOHLER 23973IN-AA-RGD VIVE BATH SPOUT ROSE GOLD,CP,KOHLER,Primary,6720,,1,
143,23975IN-4ND-CP(PRE),KOHLER 23975IN-4ND-CP(PRE) VIVE SC MONOBLAC WM LAV FAUCET W,CP,KOHLER,VIVE,11000,,1,3126.8
144,24149IN-F-BN,KOHLER 24149IN-F-BN SKIM PUSH PLATE BLACK,CP,KOHLER,SKIM,10000,,1,
145,24431IN-9FP-CP(PRE),KOHLER 24431IN-9FP-CP(PRE) AUTOSENSE UNIVERSAL TRIM,CP,KOHLER,Primary,10000,,1,5939.23
146,24555IN-P-AF(PRE),KOHLER 24555IN-P-AF(PRE)  SOFT PRESS PNEUMATIC PUSH PLATE,CP,KOHLER,Primary,7400,,1,2046.05
147,25065IN-CP(POP),KOHLER 25065IN-CP(POP) COMPLEMENTARY SQUARE 610MM SINGLE TOW,CP,KOHLER,COMPLEMENTARY,3400,,2,1934.48
148,25066IN-CP(POP),KOHLER 25066IN-CP(POP) COMPLEMENTARY SQUARE TOWEL SHELF,CP,KOHLER,COMPLEMENTARY,9000,,2,11454.68
149,25071IN-CP(POP),KOHLER 25071IN-CP(POP) COMPLEMENTARY SQ TOILET PAPER HOLDER,CP,KOHLER,COMPLEMENTARY,2350,1,1,1495.4
150,25074IN-CP(POP),KOHLER 25074IN-CP(POP) COMPLEMENTARY SQ TUMBLER HOLDER,CP,KOHLER,COMPLEMENTARY,2800,,1,1615.81
151,25323IN-4-RGD(PRE),KOHLER 25323IN-4-RGD(PRE) VIVE 40MM RBS TRIM AT 235 VALVE,CP,KOHLER,VIVE,15820,,2,7922.9
152,25349IN-AF(PRE),Kohler 25349IN-AF(PRE) Accent Single Robe Hook,CP,KOHLER,ACCENT,1210,,1,314.78
153,25349IN-BN(PRE),KOHLER 25349IN-BN(PRE) ACCENT SINGLE ROBE HOOK,CP,KOHLER,ACCENT,1210,,1,314.78
154,25349IN-BV(PRE),KOHLER 25349IN-BV(PRE) ACCENT SINGLE ROBE HOOK,CP,KOHLER,ACCENT,1350,,1,353.47
155,25349IN-RGD(PRE),KOHLER 25349IN-RGD(PRE) ACCENT SINGLE ROBE HOOK,CP,KOHLER,ACCENT,1440,,1,353.39
156,25431IN-4-CP,KOHLER 25431IN-4-CP BEAM ANGLE VALVE,CP,KOHLER,Primary,1500,,10,
157,25761IN-9-CP,KOHLER 25761IN-9-CP MODERNLIFE EDGE SQ UPPER TRIM,CP,KOHLER,Primary,16300,,2,
158,25765IN-CP,KOHLER 25765IN-CP MODERNLIFEEDGE BATH SPOUT,CP,KOHLER,Modern Life Edge,9000,,2,
159,26051-BGL,Kohler 26051-bgl Essential Capsule Mirror,SANITARY,KOHLER,Essential,11950,,1,
160,26249IN-0(PRE),KOHLER 26249IN-0(PRE) RIBANA NEO W/O DECK,SANITARY,KOHLER,RIBANA,18000,,2,18995.00
161,26290IN-CP,KOHLER 26290IN-CP STATEMENT MF SHOWER HEAD,CP,KOHLER,Primary,7000,,3,6236.22
162,26290IN-RGD,KOHLER 26290IN-RGD STATEMENT MF SHOWER HEAD,CP,KOHLER,Primary,9800,,2,
163,26318IN-RGD,KOHLER 26318IN-RGD STATEMENT SHOWER ARM ROSE GOLD,CP,KOHLER,Primary,4200,,2,
164,26353IN-P-NA(PRE),KOHLER 26353IN-P-NA(PRE) INSTAFIT NXT GEN PNEU IN WALL TANK,SANITARY,KOHLER,INSTAFIT,12600,,5,36823.2
165,2660IN-1-7,KOHLER 2660IN-1-7 FOREFRONT BOWL BLACK,SANITARY,KOHLER,Primary,18400,,2,
166,26855IN-BL,KOHLER 26855IN-BL RAINMAX RAIN SHOWER BLACK 254MM,CP,KOHLER,Primary,23100,,2,
167,26855IN-BV,KOHLER 26855IN-BV RAINMAX SQUARE SHOWER BRONZE,CP,KOHLER,Primary,23100,,2,
168,27484IN-4-CP(POP),KOHLER 27484IN-4-CP(POP) FORE TRI PILLAR TAP,CP,KOHLER,FORE,2940,1,1,1870.84
169,27485IN-4-CP(POP),KOHLER 27485IN-4-CP(POP) FORE LINE PILLAR TAP,CP,KOHLER,FORE,3150,,1,2004.48
170,27490IN-CP(POP),KOHLER 27490IN-CP(POP) FORE BATH SPOUT W/O DIV,CP,KOHLER,FORE,2500,2,1,667.84
171,27492IN-CP(POP),KOHLER 27492IN-CP(POP) FORE ARC BATH SPOUT W/O DIV,CP,KOHLER,FORE,2310,,1,667.84
172,27498IN-4FP-CP(POP),KOHLER 27498IN-4FP-CP(POP) TRI AT235 RBS TRIM ASSY,CP,KOHLER,Primary,3420,2,2,4123.32
173,27500IN-4FP-CP(POP),KOHLER 27500IN-4FP-CP(POP) FORE ARC AT235 RBS TRIM ASSY,CP,KOHLER,FORE,3780,,1,2405.54
174,27903IN-HP1,KOHLER 27903IN-HP1 MODERN LIFE EDGE CLOSET PEACOCK,SANITARY,KOHLER,Modern Life Edge,47500,,1,
175,27903IN-SS-0(LUX),Kohler 27903IN-SS-0(LUX) Modernlife Edge Wall Hung Bowl,SANITARY,KOHLER,Modern Life Edge,38000,,1,16188.55
176,27904IN-HP1,KOHLER 27904IN-HP1 MODERN LIFE EDGE SEAT COVER PEACOCK,SANITARY,KOHLER,Modern Life Edge,17500,,1,
177,27904IN-SS-0(LUX),KOHLER 27904IN-SS-0(LUX) MODERN LIFE EDGE WH SEAT COVER,SANITARY,KOHLER,Modern Life Edge,12500,,1,6363.43
178,28780IN-0(PRE),KOHLER 28780IN-0(PRE) VIVE WALL HUNG BOWL,SANITARY,KOHLER,VIVE,18500,,6,58798.26
179,28780IN-7,KOHLER 28780IN-7 VIVE WALL HUNG CLOSET BLACK,SANITARY,KOHLER,VIVE,21390,,2,
180,28780IN-DGS(PRE),KOHLER 28780IN-DGS(PRE) VIVE WALL HUNG BOWL,SANITARY,KOHLER,VIVE,20600,,1,13702.53
181,28781IN-0(PRE),KOHLER 28781IN-0(PRE) VIVE QC SLIM UF SEAT WHITE,SANITARY,KOHLER,VIVE,6500,,6,21381.18
182,28781IN-7,KOHLER 28781IN-7 VIVE SEAT COVER BLACK,SANITARY,KOHLER,VIVE,8000,,2,
183,28781IN-DGS(PRE),KOHLER  28781IN-DGS VIVE QC SLIM UF SEAT COVER,SANITARY,KOHLER,VIVE,7500,,1,4987.29
184,28783IN-7(PRE),KOHLER 28783IN-7(PRE) VIVE CAPSULE VESSEL BASIN BLACK,SANITARY,KOHLER,VIVE,15000,,1,8908.81
185,28784IN-0(PRE),KOHLER 28784IN-0(PRE) VIVE GEO VESSEL W/O DECK550*400MM,SANITARY,KOHLER,VIVE,13000,,1,7720.98
186,28784IN-DGS(PRE),KOHLER 28784IN-DGS(PRE) KOHLER VIVE GEO VESSEL W/O DECK550*4,SANITARY,KOHLER,VIVE,16300,,1,4305.96
187,29172IN-0,KOHLER 29172IN-0 SPAN SQ WALL HUNG CLOSET,SANITARY,KOHLER,SPAN,9690,,1,
188,29928IN-4ND-AF(POP),KOHLER 29928IN-4ND-AF(POP) JULY COMFORT SC BASIN FAUCET W/O,CP,KOHLER,JULY COMFORT,8500,,1,2507.24
189,30457IN-PSH(LUX),KOHLER 30457IN-PSH(LUX) PROLOGUE VESSEL VANITY,SANITARY,KOHLER,PROLOGUE,49950,,1,26723.9
190,30459IN-N21(LUX),KOHLER 30459IN-N21(LUX) LUXE VESSEL VANITY 750MM(PU),SANITARY,KOHLER,LUXE,59950,,1,25451.22
191,31458IN-0(POP),Kohler 31458IN-0(POP) Span Round Wm Lavatory Wash Basin,SANITARY,KOHLER,SPAN,5400,1,1,3341.03
192,31459IN-0(POP),KOHLER 31459IN-0(POP) SPAN SQ VESSEL W/O DECK,SANITARY,KOHLER,SPAN,6650,1,1,4136.24
193,31539IN-SS-0(PRE),KOHLER 31539IN-SS-0(PRE) VEIL RIMLESS WALVIT PAN,SANITARY,KOHLER,VEIL,23850,,1,6369.81
194,32019IN-4-BV,KOHLER 32019IN-4-BV PARALLEL UPPER TRIM + DIV BRONZE,CP,KOHLER,PARALLEL,20700,,2,
195,32407IN-0,KOHLER 32407IN-0 APT SQUAR SEAT COVER,SANITARY,KOHLER,APT,3500,,2,
196,32427IN-0,KOHLER 32427IN-0 APT SQUARE WALVIT PAN,SANITARY,KOHLER,APT,10000,,2,
197,33645IN-4FP-CP,KOHLER 33645IN-4FP-CP APT CURV CON. DIV UPPER TRIM,CP,KOHLER,APT,2240,,1,
198,33913IN-4ND-CP,KOHLER 33913IN-4ND-CP APT FLUX BASIN MIXER,CP,KOHLER,APT FLUX,4260,,1,
199,33978IN-4-CP,KOHLER 33978IN-4-CP APT ANGLE VALVE,CP,KOHLER,APT,1150,,10,
200,33992IN-4FP-CP,KOHLER 33992IN-4FP-CP APT FLUX CON. DIV UPPER TRIM,CP,KOHLER,APT FLUX,2240,,1,
201,33995IN-CP,KOHLER 33995IN-CP APT BATH SPOUT,CP,KOHLER,APT,1640,,2,
202,33999IN-4ND-CP,KOHLER 33999IN-4ND-CP APT CURVE BASIN MIXER,CP,KOHLER,APT CURV,4260,,1,
203,34038IN-4ND-CP,KOHLER 34038IN-4ND-CP APT CURV TALL BASIN MIXER,CP,KOHLER,APT CURV,5980,,1,
204,34040IN-4-CP,KOHLER 34040IN-4-CP APT CURV TALL PILLAR COCK,CP,KOHLER,APT CURV,2880,,5,
205,34042IN-CP,KOHLER 34042IN-CP APT ROUND SHOWER HEAD,CP,KOHLER,APT,2650,,2,
206,34067IN-4-CP,KOHLER 34067IN-4-CP APT FLUX PILLAR COCK,CP,KOHLER,APT FLUX,2270,2,1,
207,34073IN-4ND-CP,KOHLER 34073IN-4ND-CP APT FLUX TALL BASIN MIXER,CP,KOHLER,APT FLUX,5980,,1,
208,34251IN-0,KOHLER 34251IN-0 APT BOWL BASIN 550MM,SANITARY,KOHLER,APT,7600,,1,
209,3983IN-S-0,KOHLER 3983IN-S-0 REACH ONE PIECE CLOSET WITH SEAT COVER,SANITARY,KOHLER,REACH,23000,,2,
210,4108IN-0(LUX),KOHLER  4108IN-0(LUX) C3-230 BIDET SEAT,SANITARY,KOHLER,BIDET,108000,,1,24552.71
211,4177IN-M-CP,KOHLER 4177IN-M-CP DROPLET PUSH PLATE,CP,KOHLER,DROPLET,1700,,1,
212,4187IN-WD-0,KOHLER 4187IN-WD-0 PATIO WALVIT PAN,SANITARY,KOHLER,Primary,7500,5,2,
213,45432IN-CP,KOHLER 45432IN-CP(POP) GRID DRAIN W OVERFLOW HOLE,CP,KOHLER,GRID,900,3,2,413.62
214,5413IN-P-CP(PRE),KOHLER 5413IN-P-CP(PRE) PEBBLE FACEPLATE POLISHED CHROME,CP,KOHLER,Primary,2800,,1,1662.99
215,5583IN-1 WH-0,KOHLER 5583IN-1 WH-0 BRIVE PLUS WALL HUNG BASIN,SANITARY,KOHLER,Primary,3850,,1,
216,6088IN-K4,KOHLER 6088IN-K4 REPLAY WALL HUNG CLOSET CASHMERE,SANITARY,KOHLER,REPLAY,18860,,2,
217,6091IN-K4,KOHLER 6091IN-K4 REPLAY QC SEAT COVER CASHMERE,SANITARY,KOHLER,REPLAY,6400,,2,
218,72275IN-4ND-BV,KOHLER 72275IN-4ND-BV ALEO BASIN MIXER BRONZE,CP,KOHLER,ALEO,17500,,1,
219,72288IN-4-CP,KOHLER 72288IN-4-CP ALEO PILLAR COCK,CP,KOHLER,Primary,5700,,2,
220,72312IN-4ND-BL,KOHLER 72312IN-4ND-BL ALEO BASIN MIXER BLACK,CP,KOHLER,ALEO,20300,,1,
221,72328IN-4FP-CP,KOHLER 72328IN-4FP-CP ALEO+ UPPER TRIM,CP,KOHLER,Primary,9090,,2,
222,72337IN-4ND-CP,KOHLER 72337IN-4ND-CP ALEO+ TALL BASIN MIXER W/O DRAIN,CP,KOHLER,ALEO,18130,,1,
223,7275IN-CP,KOHLER 7275IN-CP COMPLEMENTARY FLOOR DRAIN,CP,KOHLER,COMPLEMENTARY,2000,,10,
224,73037IN-CL-CP,KOHLER 73037IN-CL-CP RAINDUET ROUND SHOWER HEAD,CP,KOHLER,Primary,10500,,1,
225,7314IN-CP,KOHLER 7314IN-CP(POP) BOTTLE TRAP 300MM,CP,KOHLER,Primary,2600,,5,7128.4
226,73199IN-CP(PRE),KOHLER 73199IN-CP(PRE) RAINDUET SQUARE 203MM RAIN HEAD,CP,KOHLER,Primary,9900,,1,5879.81
227,75201IN-CP,KOHLER 75201IN-CP AQUA TURBO CON. DIV BODY,CP,KOHLER,AQUA,4200,,2,
228,75376IN-1-0,KOHLER 75376IN-1-0 TRACE VESSEL WITH TAP HOLE,SANITARY,KOHLER,TRACE,12000,,2,
229,75823IN-CP(POP),KOHLER 75823IN-CP(POP) BOTTLE TRAP 350MM,CP,KOHLER,Primary,2600,,6,10451.64
230,75890IN-P-AF(PRE),KOHLER 75890IN-P-AF(PRE) LYNK PNEUMATIC PUSH PLATE FRENCH GO,CP,KOHLER,LYNK,5600,,1,3807.56
231,75890IN-P-CP(PRE),KOHLER 75890IN-P-CP(PRE) LYNK PNEMATIC PUSH PLATE CHROME,CP,KOHLER,LYNK,2800,3,4,6296.12
232,76465IN-BL,KOHLER 76465IN-BL AWAKEN SHOWER HEAD BLACK,CP,KOHLER,AWAKEN,34700,,1,
233,76601IN-K4,Kohler 76601in-k4 Kankara Vessel Bowl Cashmere,SANITARY,KOHLER,KANKARA,19550,,2,
234,80158IN-9AV-CP,KOHLER 80158IN-9AV-CP(POP) COMPLEMENTARY ANGLE VALVE,CP,KOHLER,COMPLEMENTARY,1430,,21,14780.43
235,81146-DA1(LUX),Kohler 81146-da1(lux) Maxstow Mirrored Cabinet,CP,KOHLER,Primary,19990,,1,
236,8196IN-0,KOHLER 8196IN-0 PURECLEAN BIDET SEAT COVER,SANITARY,KOHLER,Primary,11050,,1,
237,882IN-CP(POP),KOHLER 882IN-CP(POP) AQUA TURBO 235 MANUAL VALVE,CP,KOHLER,Primary,5000,,7,19006.26
238,9040IN-CP(POP),KOHLER 9040IN-CP(POP) HANDSHOWER BRACKET,CP,KOHLER,Primary,900,,1,381.45
239,97258IN-CP,KOHLER 97258IN-CP ELATE HEALTH FAUCET,CP,KOHLER,Primary,3900,,6,
240,98444IN-CP(PRE),KOHLER 98444IN-CP(PRE) SPATULA HAND SHOWER SMALL WITH HOSE,CP,KOHLER,SPATULA,4690,,3,7928.82
241,98755IN-4-CP(POP),KOHLER 98755IN-4-CP(POP) JULY 2 IN 1 WALL MIXER,CP,KOHLER,JULY COMFORT,7890,1,2,
242,99054IN-CP(POP),KOHLER 99054IN-CP(POP) SHOWER ARM WITH ESCUTCHEON,CP,KOHLER,Primary,960,,2,1221.82
243,99060IN-CP(POP),KOHLER 99060IN-CP(POP) JULY BATH SPOUT W/O DIVERTER,CP,KOHLER,JULY COMFORT,2660,,1,1692.68
244,99061IN-AF(PRE),KOHLER 99061IN-AF(PRE) ALEO WM BATH SPOUT W/O DIVERTER,CP,KOHLER,ALEO,5500,,1,1416.5
245,99061IN-BL,KOHLER 99061IN-BL ALEO BATH SPOUT W/O DIV BLACK,CP,KOHLER,Primary,6160,,2,
246,17629T-NS-0,KOHLER OVE ONE PIECE CLOSET W/O SEAT COVER,SANITARY,KOHLER,OVE,18000,,2,
247,P16316IN-4FP-CP,KOHLER P16316IN-4FP-CP JULY SHOWER UPPER TRIM,CP,KOHLER,JULY COMFORT,4100,,1,
248,WT36,LONG BODY BIP TAP,CP,WATER-TEC,M-HANDLE,426,15,6,1458.00
249,UA08,M-seal Tape,Primary,Primary,Primary,35,,1,18.39
250,C0117CS1C,PARRYWARE C0117CS1C UTSAV PAN XL 580MM WH,SANITARY,PARRYWARE,Primary,2300,6,4,4924.00
251,C01291C(NMS),PARRYWARE C0129 RIMFREE ORISSA PAN 500MM-WHITE,SANITARY,PARRYWARE,RIMFREE,1820,42,9,7876.35
252,C0133CS1C,Parryware C0133cs1c Utsav Pan 500mm White,SANITARY,PARRYWARE,UNISET,2180,46,8,9368.00
253,C02101C,PARRYWARE C02101C FLAIR WALL HUNG CLOSET WHITE,SANITARY,PARRYWARE,FLAIR,7650,3,2,7321.86
254,C022K1C,PARRYWARE C022K1C CARDIFF R/L WALVIT PAN,SANITARY,PARRYWARE,CARDIFF,9490,3,1,5080.00
255,C022N1C,PARRYWARE C022N VERVE WALL HUNG CLOSET WITH SEAT COVER,SANITARY,PARRYWARE,VERVE AM,14210,5,12,92098.8
256,C022R1C,PARRYWARE C022R1C ALPHA SINGLE PIECE S-220MM,SANITARY,PARRYWARE,ALPHA,11490,13,1,
257,C022U1C,PARRYWARE C022U1C LUCO WALVIT PAN,SANITARY,PARRYWARE,LUCO,14500,5,4,28229.16
258,C022V46,PARRYWARE C022V46 PLUTO SINGLE PICE,SANITARY,PARRYWARE,PLUTO,12650,,2,
259,C022W1C,PARRYWARE C022W1C CASA WALL HUNG CLOSET W SOFT CLOSE S.C,SANITARY,PARRYWARE,CASA,8390,17,3,12596.58
260,C022X1C,PARRYWARE C022X1C CASA F/M CLOSET WITH SEAT COVER WHITE,SANITARY,PARRYWARE,CASA,5730,3,2,5790.22
261,C022Y1C,PARRYWARE C022Y1C CASA WALL HUNG CISTERN SET W FITTINGS,SANITARY,PARRYWARE,CASA,4580,17,3,6720.63
262,C022Z1C,PARRYWARE C022Z1C CASA F/M CISTERN SET WHITE,SANITARY,PARRYWARE,CASA,3060,3,2,3116.5
263,C023H1C,PARRYWARE C023H1C PRIMO WALVIT PAN W S.C,SANITARY,PARRYWARE,PRIMO,6720,,1,3598.00
264,C02521C,PARRYWARE C02521C NIAGARA EWC S TRAP WHITE,SANITARY,PARRYWARE,NIAGARA,3520,12,3,5010.75
265,C025A1C,PARRYWARE C025A1C GAMMA SINGLE PIECE S-220MM,SANITARY,PARRYWARE,Primary,10990,11,2,
266,C02651C,PARRYWARE C02651C [1] Indus Wall Hung Closet White,SANITARY,PARRYWARE,INDUS,6360,9,3,9646.17
267,C02781C,PARRYWARE C02781C ELITE P TRAP EUROWATER CLOSET WHITE,SANITARY,PARRYWARE,ELITE P TRAP,2720,22,10,13476.7
268,C02971C,PARRYWARE C02971C EWC S TRAP ULTRA WHITE,SANITARY,PARRYWARE,ELITE S TRAP,2720,139,22,29648.74
269,C02974H,PARRYWARE C02974H ELITE S TRAP EUROWATER CLOSET MOON IVORY,SANITARY,PARRYWARE,ELITE S TRAP,3810,1,1,1880.2
270,C03201C,PARRYWARE C03201C SUTRA PEDESTAL,SANITARY,PARRYWARE,SUTRA,1940,-4,3,1581.87
271,C03241C,PARRYWARE C03241C NOVAL PEDESTAL LONG,SANITARY,PARRYWARE,NOVA,1640,3,2,1555.84
272,C03791C,PARRYWARE C03791C CASA NXT SHORT PEDESTAL ULTRA WHITE,SANITARY,PARRYWARE,CASCADE NXT,1380,4,5,3408.00
273,C04041C,Parryware C04041c Casa Wash Basin White 570*440,SANITARY,PARRYWARE,CASA,1860,19,4,3627.24
274,C04081C,Parryware C04081c Corner Wash Basin,SANITARY,PARRYWARE,CORNER,1900,18,7,6487.88
275,C041D1C,PARRYWARE C041D1C ZEST BASIN WHITE 565x410MM,SANITARY,PARRYWARE,ZEST,3280,4,3,4806.78
276,C041F1C,PARRYWARE  C041F1C PRISTINE IV BOWL BASIN,SANITARY,PARRYWARE,Primary,4240,,1,
277,C041J1C,PARRYWARE C041J1C INSLIM 390 BOWL BASIN WHITE,SANITARY,PARRYWARE,INSLIM 390,6520,1,1,3572.53
278,C041L1C,PARRYWARE C041L1C INSLIM 515 BOWL BASIN,SANITARY,PARRYWARE,INSLIM 515,8460,2,2,9478.18
279,C041M1C,PARRYWARE C041M1C INSLIM 540 BOWL BASIN,SANITARY,PARRYWARE,INSLIM 540,9190,1,2,10053.42
280,C041X1C,PARRYWARE C041X1C SUTRA WALL HUNG BASIN WHITE,SANITARY,PARRYWARE,SUTRA,2100,17,6,5960.52
281,C04251C,PARRYWARE C04251C MAESTRO BELOW COUNTER WHITE,SANITARY,PARRYWARE,MAESTRO,2360,8,3,3440.19
282,C042I1C,PARRYWARE C042I CRAVEN BASIN,SANITARY,PARRYWARE,CRAVEN,2410,9,4,4362.64
283,C042J1C,PARRYWARE C042J HELIX BASIN,SANITARY,PARRYWARE,HELIX,1960,29,5,4731.95
284,C042K1C,PARRYWARE C042K1C VIBGYOR BOWL BASIN WHITE,SANITARY,PARRYWARE,VIBGYOR,5040,4,2,2664.22
285,C042L1C,PARRYWARE C042L1C UNO WALL HUNG BASIN,SANITARY,PARRYWARE,UNO,1550,38,6,4222.98
286,C042M1C,PARRYWARE C042M NOVEL-NUBRA WASH BASIN,SANITARY,PARRYWARE,NOVEL-NUBRA,1920,14,5,4813.8
287,C042N1C,PARRYWARE C042N NOVAL NUBRA WASH BASIN,SANITARY,PARRYWARE,NOVEL-NUBRA,2090,15,3,2980.26
288,C042Q1C,PARRYWARE C042Q1C COOPER WASH BASIN,SANITARY,PARRYWARE,Primary,1890,1,4,3256.00
289,C04311C,PARRYWARE C04311C CASCADE NXT COUNTER TOP WASH BASIN,SANITARY,PARRYWARE,CASCADE NXT,3750,1,3,5067.87
290,C0435R1,PARRYWARE C0435R1 GRAVINA BASIN,SANITARY,PARRYWARE,GRAVINIA,1995,,1,904.00
291,C043Q1C,PARRYWARE C043Q1C POLAR WALL HUNG BASIN,SANITARY,PARRYWARE,Primary,1580,7,5,
292,C04401C,PARRYWARE C04401C HAWANA N BELOW COUNTER BASIN,SANITARY,PARRYWARE,Primary,2750,1,2,1517.54
293,C04541C,Parryware C04541c Zest Plus Bowl,SANITARY,PARRYWARE,Primary,2550,3,4,
294,C04711C,PARRYWARE C04711C CTH INDUS WASH BASIN 500*400 ULTRA WHITE,SANITARY,PARRYWARE,INDUS,1840,19,7,6454.28
295,C04761C,PARRYWARE C04761C CASCADE CLASSIC WALL HUNG BASIN 500*395,SANITARY,PARRYWARE,CASCADE,1620,19,6,4641.24
296,C04771C,PARRYWARE C04771C FLAIR BOWL BASIN 450*450,SANITARY,PARRYWARE,FLAIR,3890,,1,
297,C07161C,PARRYWARE C07161C VERVE WALL HUNG CISTERN WHITE,SANITARY,PARRYWARE,VERVE,7240,5,12,41902.44
298,C07681C,PARRYWARE C07681C FLAIR WALL HUNG CISTERN SET WHITE,SANITARY,PARRYWARE,FLAIR,5910,3,2,5641.64
299,C07691c,Parryware C07691c Indus Cistern Set Including Fittings White,SANITARY,PARRYWARE,INDUS,5550,9 Set,3 Set,8409.84
300,C801599,PARRYWARE C081599 CASCADE WALVIT PAN COLORLESS,SANITARY,PARRYWARE,CASCADE,390,13,6,1255.2
301,C21041C,PARRYWARE C2104 SMALL P TRAP WHITE,SANITARY,PARRYWARE,SMALL,380,98,6,1141.62
302,C502099,PARRYWARE C502099 ORCHID WATER HEATER 10L,SANITARY,PARRYWARE,ORCHID,11500,4,1,6291.53
303,C502199,PARRYWARE C502199 ORCHID WATER HEATER 15L,SANITARY,PARRYWARE,ORCHID,12500,4,1,6839.17
304,C790299,PARRYWARE C790299 NIAGARA/INDUS INLET ASSEMBLY,SPARES,PARRYWARE,NIAGARA/INDUS,350,,2,333.68
305,C815299,PARRYWARE C815299 SUMO BOLT FIXING SET,CP,PARRYWARE,SUMO,400,54,9,1990.35
306,C844S46,PARRYWARE C844S46 QUBE X SEMI RECESSED BASIN,CRESTIA,PARRYWARE,Primary,9110,,1,
307,C847P46,PARRYWARE C847P46 PETAL BASIN WITH PEDESTAL  460mm,CRESTIA,PARRYWARE,PETAL,12550,,1,6112.94
308,C857272,PARRYWARE C857272 ECO SERIES FLAT EDGE MATT 24*18*9,SANITARY,PARRYWARE,ECO SERIES,7050,28,1,3671.87
309,C857372,PARRYWARE C857372 ECO SERIES SINGLE BOWL WITH DRAIN BOARD,SANITARY,PARRYWARE,ECO SERIES,9530,4,3,14737.98
310,C864046,PARRYWARE C864046 CLARET R/L SINGLE PIECE S 220MM,SANITARY,PARRYWARE,CLARET,12490,,2,
311,C864446,PARRYWARE C864446 CRYSTAL SINGLE PIECE S 220MM,SANITARY,PARRYWARE,Primary,13490,2,3,
312,C865346,PARRYWARE C865346 AQUA BOWL BASIN,SANITARY,PARRYWARE,Primary,2790,1,2,
313,C865946,Parryware C865946 Glide Bowl Basin,SANITARY,PARRYWARE,Primary,5900,,1,
314,C866046,PARRYWARE C866046 TEJAS WASH BASIN,SANITARY,PARRYWARE,Primary,3660,,1,
315,C867B99,PARRYWARE C867B99 GLIDE SHOWER PANEL 1400X200MM,CP,PARRYWARE,Primary,44990,,1,
316,C868B99,Parryware C868b99 Quest Shower Panel 1600x180mm,CP,PARRYWARE,Primary,29990,,1,
317,C870146,PARRYWARE C870146 MONTE WALL HUNG BASIN,SANITARY,PARRYWARE,Primary,1590,,6,5106.00
318,C8722A1,PARRYWARE C8722A1 ENEMELED BATH TUB WHITE 1700x700mm,SANITARY,PARRYWARE,ENEMELED,21320,,1,10987.14
319,C884099,Parryware C884099 Verve With Cascade Waterfall Showel Panel,CP,PARRYWARE,VERVE,27930,8,1,7855.01
320,C884199,PARRYWARE C884199 DAZZLE GLASS BODY SHOWER PANEL,CP,PARRYWARE,DAZZLE,27340,2,3,43434.00
321,C884646,PARRYWARE C884646 CUTE WALL HUNG WHITE,CRESTIA,PARRYWARE,CUTE,7200,3,3,10291.59
322,C884746,PARRYWARE C884746 CAMEL WALL HUNG WHITE,CRESTIA,PARRYWARE,CAMEL,8490,1,3,13457.4
323,C889546,PARRYWARE C889546 HELIX RIMLESS WALL HUNG WHITE,CRESTIA,PARRYWARE,HELIX,15500,,3,25421.64
324,C889C46,PARRYWARE C889C46 FLAVIA MAIN CABINET,SANITARY,PARRYWARE,FLAVIA,22030,1,1,11438.00
325,C889D46,PARRYWARE C889D46 CHARLOTTE MAIN CABINET,SANITARY,PARRYWARE,CHAROLTTE,20910,,2,21710.00
326,C889D99,PARRYWARE C889D99 PATRICIA MIRROR 700X500MM,SANITARY,PARRYWARE,PATRICIA,6120,1,1,3177.00
327,C889E46,PARRYWARE C889E46 PATRICIA MAIN CABINET 780X480X450,SANITARY,PARRYWARE,PATRICIA,22440,1,1,11650.00
328,C889M46,PARRYWARE C889M46 TRACY MAIN CABINET,SANITARY,PARRYWARE,TRACY,10200,,1,4535.00
329,C889M99,PARRYWARE C889M99 TRACY MIRROR,SANITARY,PARRYWARE,TRACY,2550,,1,1133.00
330,C890046,PARRYWARE C8900 REEVE SINGLE PIECE WHITE 220MM,CRESTIA,PARRYWARE,REEVE,17490,18,5,50064.55
331,C890246,PARRYWARE C8902 AQULINE SINGLE PIECE WHITE,CRESTIA,PARRYWARE,AQULINE,20490,7,1,11365.93
332,C890546,PARRYWARE C890546 INSLIM SINGLE PIECE CLOSET 290MM S TRAP,CRESTIA,PARRYWARE,INSLIM,20490,2,1,10825.09
333,C890646,PARRYWARE C8906 OMEGA SINGLE PIECE WHITE,CRESTIA,PARRYWARE,OMEGA,20490,15,4,45463.72
334,C890B46,PARRYWARE C890B46 AQUILINE 600 BOWL BASIN,CRESTIA,PARRYWARE,AQULINE,6850,,2,7277.26
335,C890C46,PARRYWARE C890C46 AQUILINE NEO BOWL BASIN,CRESTIA,PARRYWARE,AQUILINE NEO,7520,,1,3594.37
336,C890F46,Parryware C890f46 Aquiline 400 Bowl Basin,SANITARY,PARRYWARE,AQULINE,6330,1,1,
337,C890N46,PARRYWARE C890N46 VENUE SINGLE PIECE 290MM,CRESTIA,PARRYWARE,VENUE,17490,13,3,27604.98
338,C890V46,PARRYWARE C890V BLAZE RIMLESS WALVIT PAN,CRESTIA,PARRYWARE,BLAZE,14090,5,2,14202.26
339,C890W46,PARRYWARE C890W46 ARCADE RIMLESS WALVIT PAN WH,CRESTIA,PARRYWARE,ARCADE,15680,10,3,22825.08
340,C890X46,PARRYWARE C890X SUPERIO RIMLESS WALVIT PAN,CRESTIA,PARRYWARE,SUPERIO,13490,1,1,3620.75
341,C890Y46,PARRYWARE C890Y46 ELEVATE COUNTER TOP DOUBLE BOWL BASIN,SANITARY,PARRYWARE,Primary,21420,1,1,
342,C891146,PARRYWARE C891146 INSLIM ONE PIECE WALL HUNG BASIN WHITE,CRESTIA,PARRYWARE,INSLIM ONE PIECE,11640,4,1,5441.32
343,C891746,PARRYWARE C8917 JOY SINGLE PIECE CLOSET WHITE,CRESTIA,PARRYWARE,JOY,14490,4,2,15912.12
344,C891846,PARRYWARE C8918 PRIME PLUS SINGLE PIECE,CRESTIA,PARRYWARE,PRIME PLUS,15490,22,5,39014.35
345,C891L46,PARRYWARE C891L46 IMPERIAL 400 BOWL BASIN,CRESTIA,PARRYWARE,IMPERIAL,7130,8,3,5734.41
346,C891M46,PARRYWARE C891M46 IMPERIAL 500 BOWL BASIN,CRESTIA,PARRYWARE,IMPERIAL,7260,1,1,3435.79
347,C893346,PARRYWARE C8933 AMIGO WALVIT PAN WHITE,CRESTIA,PARRYWARE,AMIGO,16800,5,3,24806.67
348,C893546,PARRYWARE C893546 INSLIM RIMLESS SINGLE PIECE WHITE,CRESTIA,PARRYWARE,INSLIM,20490,11,3,32190.81
349,C894646,PARRYWARE C8946 VOLT ELECTRONIC WC-WHITE,CRESTIA,PARRYWARE,Primary,108270,,1,56384.57
350,C894A46,PARRYWARE C894A46 ROMBI BOWL BASIN,SANITARY,PARRYWARE,Primary,7990,,1,
351,C894E46,Parryware C894e46 Quad 560 Bowl Basin,SANITARY,PARRYWARE,Primary,5460,,1,2923.00
352,C894G46,PARRYWARE C894G46 CRAFT WASH BASIN,SANITARY,PARRYWARE,Primary,1820,2,1,974.00
353,C894J46,PARRYWARE C894J46 JORDON WALL HUNG CLOSET WHITE,SANITARY,PARRYWARE,Primary,16900,1,1,9245.00
354,C89537C,PARRYWARE C89537C NIGHT LIFE RIMLESS WC,CRESTIA,PARRYWARE,NIGHTLIFE,26890,1,1,7241.00
355,C895846,PARRYWARE C895846 MARVEL SINGLE PIECE P TRAP,CRESTIA,PARRYWARE,MARVEL,13990,7,1,7144.78
356,C895C46,PARRYWARE C895C46 PRIMO SINGLE PIECE 220MM WHITE,CRESTIA,PARRYWARE,PRIMO,17060,,1,9433.00
357,C895F46,PARRYWARE C895F46 BERRY SINGLE PIECE,CRESTIA,PARRYWARE,BERRY,16500,3,2,16671.46
358,C895N46,PARRYWARE C895N46 LIVA BOWL BASIN WHITE,SANITARY,PARRYWARE,Primary,8040,1,1,4048.00
359,C895P46,PARRYWARE C895P46 FABIO BOWL BASIN,SANITARY,PARRYWARE,Primary,8040,,1,4742.00
360,C895Q46,PARRYWARE C895Q46 APPY BOWL BASIN,SANITARY,PARRYWARE,Primary,7600,,1,3827.00
361,C895R46,PARRYWARE C895R46 BARISTA BOWL BASIN,SANITARY,PARRYWARE,Primary,6760,,2,6724.00
362,C895V46,PARRYWARE C895V46 JORDON BOWL BASIN,CRESTIA,PARRYWARE,Primary,4840,9,5,12165.00
363,C896046,PARRYWARE C896046 CUTE SINGLE PIECE S 220 CLOSET WHITE,CRESTIA,PARRYWARE,CUTE,8350,35,7,
364,C896446(NMS),PARRYWARE C896446 VERVE SQUAR EWC  W/SEAT COVER,CRESTIA,PARRYWARE,VERVE,4170,6,3,6097.2
365,C896646,PARRYWARE C896646 ASTER SINGLE PIECE,CRESTIA,PARRYWARE,ASTER,13990,21,1,7306.86
366,C896746,PARRYWARE C896746 OVALO SINGLE PIECE,CRESTIA,PARRYWARE,OVALO,13490,4,2,14289.6
367,C896A4G,PARRYWARE C896A4G ALICE MIRROR CABINET 500x150x680MM,SANITARY,PARRYWARE,Alice,6630,3,7,24627.54
368,C896B4G,PARRYWARE C896B4G ALICE MAIN CABINET 596x466x450MM,SANITARY,PARRYWARE,Alice,12750,3,7,46337.97
369,C896D7C,PARRYWARE C896D7C MOJO MIRROR,CRESTIA,PARRYWARE,MOJO,4790,1,3,6516.00
370,C896F7C,PARRYWARE C896F7C MOJO BASE CABINET,CRESTIA,PARRYWARE,MOJO,16830,1,3,22893.00
371,C896G46,PARRYWARE C896G46 AMARA MIRROR,CRESTIA,PARRYWARE,AMARA,2550,5,2,2312.00
372,C896I46,PARRYWARE C896I46 AMARA MAIN CABINET,CRESTIA,PARRYWARE,AMARA,11120,5,2,10084.00
373,C896J4G,PARRYWARE C896J4G LUCY MIRROR CABINET,SANITARY,PARRYWARE,LUCY,2550,5,2,2647.54
374,C896K1C,PARRYWARE C896K1C LUCY WASH BASIN,SANITARY,PARRYWARE,LUCY,2550,14,14,18532.78
375,C896L4G,PARRYWARE C896L4G LUCY MAIN CABINET,SANITARY,PARRYWARE,LUCY,11020,5,2,11438.18
376,C896P85,PARRYWARE C896P85 BLOSSOM MAIN CABINET 435x350x680MM,SANITARY,PARRYWARE,Blossom,7550,4,4,13696.00
377,C896R85,PARRYWARE C896R85 MIRROR CABINET 480x600MM,SANITARY,PARRYWARE,Blossom,1940,4,4,3516.00
378,C896S85,PARRYWARE C896S85 MIRROR CABINET 400x600MM,SANITARY,PARRYWARE,Dorro,1630,5,7,6061.3
379,C896T1C,PARRYWARE C896T1C DORRO BASIN WHITE,SANITARY,PARRYWARE,Dorro,3160,5,7,11746.56
380,C896U85,PARRYWARE C896U85 DORRO MAIN CABINET 390x400x450MM,SANITARY,PARRYWARE,Dorro,7140,5,7,26520.48
381,C897446,PARRYWARE C897446 REFINE BOWL BASIN,CRESTIA,PARRYWARE,Primary,5450,-1,2,5788.00
382,C897746,PARRYWARE C897746 FLOAT BOWL BASIN WHITE,CRESTIA,PARRYWARE,FLOAT,6570,1,2,6277.4
383,C897846,PARRYWARE C897846 QUAD BOWL BASIN WHITE,CRESTIA,PARRYWARE,QUAD,7760,1,1,3706.5
384,C897946,PARRYWARE C897946 STANZA SINGLE PIECE S-285,CRESTIA,PARRYWARE,STANZA,17560,,1,4489.51
385,C897A46,PARRYWARE C897A46 IMPERIAL 600 BOWL BASIN,CRESTIA,PARRYWARE,IMPERIAL,8190,,1,4349.00
386,C897B46,PARRYWARE C897B46 VARON WALVIT PAN,CRESTIA,PARRYWARE,VARON,14690,,2,14100.48
387,C897C46,PARRYWARE C897C46 DUNE WALL HUNG CLOSET,CRESTIA,PARRYWARE,Primary,13200,1,2,13668.00
388,C897E46,PARRYWARE C897E46 CROWN SINGLE PIECE S -220 MM,CRESTIA,PARRYWARE,CROWN,10990,6,2,11896.6
389,C897F46(NMS),PARRYWARE C897F46 VISTA WALL HUNG BASIN 480X385MM,CRESTIA,PARRYWARE,VISTA,1790,13,7,5807.2
390,C897Q46,PARRYWARE C897Q46 ATOM PRO WALL HUNG BASIN,CRESTIA,PARRYWARE,ATOM PRO,1650,37,2,1505.00
391,C897R46,PARRYWARE C897R46 ARIA MIRROR,CRESTIA,PARRYWARE,ARIA,7650,3,3,10407.00
392,C897S46,PARRYWARE C897S46 ARIA MAIN CABINET,CRESTIA,PARRYWARE,ARIA,13770,3,3,18733.5
393,C897T1C,PARRYWARE C897T1C BELLA BASIN WHITE,SANITARY,PARRYWARE,Bella,3570,24,12,20973.72
394,C897U46,PARRYWARE C897U46 LUNA MIRROR CABINET 500x700MM,SANITARY,PARRYWARE,LUNA,3260,5,4,6927.16
395,C897W46,PARRYWARE C897W46 LUNA MAIN CABINET 770x450x450MM,SANITARY,PARRYWARE,LUNA,15200,5,4,31560.08
396,C897X46,PARRYWARE C897X46 MAIN CABINET 770x450x450MM,SANITARY,PARRYWARE,Bella,13060,16,5,34640.45
397,C897Z46,PARRYWARE C897Z46 BELLA MIRROR CABINET 500x700MM,SANITARY,PARRYWARE,Bella,2860,16,5,7411.6
398,C898146,PARRYWARE C8981 REVIVE BASIN,CRESTIA,PARRYWARE,REVIVE,1950,32,4,3811.8
399,C898246,PARRYWARE C8982 RESOLUTE BASIN,CRESTIA,PARRYWARE,RESOLUTE,2000,27,5,4816.25
400,C898646,Parryware C898646 Apollo Integrated Basin,SANITARY,PARRYWARE,APOLLO,8040,,1,
401,C898A46,PARRYWARE C898A46 VINTO SMART WASH BASIN,CRESTIA,PARRYWARE,VINTO,1620,6,2,1734.00
402,C898D46,PARRYWARE C898D46 LUCO PRIME WASH BASIN WHITE,CRESTIA,PARRYWARE,LUCO PRIME,1770,2,1,947.00
403,C898E46,Parryware C898e46 Luco Long Pedestal,SANITARY,PARRYWARE,LUCO,1620,1,1,867.00
404,C898J7C,PARRYWARE C898J7C FLOAT BOWL BASIN BLACK,CRESTIA,PARRYWARE,FLOAT,15290,,2,15781.3
405,C898K5R,PARRYWARE C898K5R DIYA BOWL BASIN GREY,CRESTIA,PARRYWARE,DIYA,10370,,1,2803.53
406,C898O46,PARRYWARE C898O46 GENIUS ROUND INTEGRATED BASIN,CRESTIA,PARRYWARE,GENIUS,11780,,1,
407,C898U46,PARRYWARE C898U46 OVAL BOWL BASIN,SANITARY,PARRYWARE,Primary,5350,,1,2812.00
408,C898Z46,PARRYWARE C898Z46 LUXURY 600 BOWL BASIN WH,CRESTIA,PARRYWARE,LUXURY,9730,,1,4948.00
409,C899F46,PARRYWARE C899F46 VIVA SINGLE PIECE 220MM,CRESTIA,PARRYWARE,VIVA,14490,31,4,29872.96
410,C890U46,PARRYWARE CONFIDENT RIMLESS WALVIT PAN,CRESTIA,PARRYWARE,CONFIDENT,14230,12,5,33508.3
411,G3185A1,PARRYWARE CRUST G3185A1 ULTRA HF UPPER TRIM,CP,PARRYWARE,CRUST,1740,6,4,3164.52
412,T9880A1,PARRYWARE CUTE T9880A1 ANGLE VALVE,CP,PARRYWARE,CUTE,630,700,21,6622.77
413,E80904H,PARRYWARE E80904H ECO AM SLIMLINE  FLUSH TANK MOON IVORY,SANITARY,PARRYWARE,ECO-AM,2490,1,1,1318.97
414,E8090CS1C,PARRYWARE E8090CS1C SLIMLINE ECO SMART FLUSH TANK WH,SANITARY,PARRYWARE,SLIMLINE,1720,131,16,14880.00
415,E80944H,PARRYWARE E80944H SOLID AM SEAT COVER MOON IVORY,SANITARY,PARRYWARE,SOLID AM,1770,1,1,939.99
416,E80941C,PARRYWARE E8094 SOLID AM SEAT COVER WHITE,SANITARY,PARRYWARE,SOLID AM,1260,34,6,4072.08
417,E811399,PARRYWARE E811399 NIAGARA URINAL SPREADER,SANITARY,PARRYWARE,NIAGARA,400,,6,1326.84
418,E812599,PARRYWARE E812599 LINEA PLUS  CONCEALED CISTERN WITH HALF FR,SANITARY,PARRYWARE,LINEA PLUS,6990,16,1,5015.72
419,E82921C,PARRYWARE E8292 DURASHEEN HUSH SEAT COVER WHITE,SANITARY,PARRYWARE,DURASHEEN,1790,3,4,3785.6
420,E83191C,PARRYWARE E8319 HEXA SLIMLINE PRO DUAL FLUSH WHITE,SANITARY,PARRYWARE,HEXA,1800,85,10,12167.1
421,E83411C,PARRYWARE E83411C COMFORT PLUS REGULAR SEAT COVER WHITE,SANITARY,PARRYWARE,COMFORT,900,95,10,4354.8
422,E8342A1,PARRYWARE E8342A1 CRUST HEALTH FAUCET,CP,PARRYWARE,CRUST,1700,15,4,3413.24
423,E83481C,PARRYWARE E8348 UNO FLUSH TANK WHITE,SANITARY,PARRYWARE,UNO,1460,1,1,575.71
424,E8353A1,PARRYWARE E8353A1 CORAL NEO HEALTH FAUCET WITH HOSE & HOOK,CP,PARRYWARE,CORAL NEO,870,105,25,11195.75
425,E83731C,PARRYWARE E8373 GLAMOUR FLUSH TANK,SANITARY,PARRYWARE,GLAMOUR,1780,42,5,4706.95
426,E8380A1,PARRYWARE E8380A1 PLUTO OVERHEAD SHOWER W ARM,CP,PARRYWARE,PLUTO,1150,17,6,3763.8
427,E8383A1,Parryware E8383a1 Primo Health Faucet,CP,PARRYWARE,Primary,1020,5,5,1391.25
428,T9830A1,"""""""PARRYWARE EXTENSION NIPPLE  1""""""""""""""",CP,PARRYWARE,Primary,109.40,274,44,41673.28
429,FCAF0401,Parryware Fcaf0401 Esprit De Rome 100ml,SPARES,PARRYWARE,Primary,99,2,4,207.68
430,FCFC0303,PARRYWARE FCFC0303 FLOOR CLEANER - SUPER LIME500M,SPARES,PARRYWARE,ESSENTIALS,110,1,4,228.36
431,FCKC0103,PARRYWARE FCKC0103 SWIPE N SHINE KITCHEN CLEANER 500ML,SPARES,PARRYWARE,Primary,249,,4,524.00
432,FCSC0603,PARRYWARE FCSC0603 SANCLEAN PRO TOILET CLEANER,SPARES,PARRYWARE,Primary,130,4,4,292.00
433,FCSF0103,PARRYWARE FCSF0103 SMARTFLUSH CITRUS 500 CLEANER,SPARES,PARRYWARE,Primary,325,3,5,860.00
434,FCFC0103,PARRYWARE FLOOR CLEANER -ALL DAY FRESH  500ML,SPARES,PARRYWARE,ESSENTIALS,103,3,3,171.27
435,G0132A1,PARRYWARE G0132A1  SHOWER ARM & FLANGE  15mm,CP,PARRYWARE,Primary,650,7,11,3707.00
436,G0202A1,PARRYWARE G0202A1 JADE PILLAR COCK,CP,PARRYWARE,JADE,1390,10,8,5262.16
437,G0204A1,PARRYWARE G0204A1 JADE BIB COCK  15mm,CP,PARRYWARE,JADE,1320,11,9,5579.37
438,G0206A1,PARRYWARE G0206A1 JADE LONG BODY BIBCOCK,CP,PARRYWARE,JADE,1700,29,10,8019.4
439,G0217A1,PARRYWARE G0217A1 JADE 3-IN-1 WALL MIXER WITH BEND  15mm,CP,PARRYWARE,JADE,6320,2,6,19116.9
440,G0221A1,PARRYWARE G0221A1 JADE SINK COCK,CP,PARRYWARE,JADE,2360,13,3,3351.96
441,G022EA1,PARRYWARE G022EA1 JADE 2 - IN-1 WALL MIXER WITH BEND,CP,PARRYWARE,JADE,6100,6,4,11782.52
442,G0235A1,PARRYWARE G0235A1 JADE SINK MIXER  15mm,CP,PARRYWARE,JADE,4400,,2,4251.74
443,G0238A1,PARRYWARE G0238A1 JADE DECK MOUNTED SINK COCK,CP,PARRYWARE,JADE,2720,,8,10264.88
444,G0253A1,PARRYWARE G0253A1 JADE ANGLE VALVE,CP,PARRYWARE,JADE,1230,,2,1171.32
445,G0268A1,PARRYWARE  G0268A1 JADE SWAN NECK PILLAR COCK,CP,PARRYWARE,JADE,2440,5,1,1148.85
446,G2013A1,PARRYWARE G2013A1 LAPIS NEO,CP,PARRYWARE,LAPIS NEO,2530,2,2,1265.82
447,G2302A1,PARRYWARE G2302A1 EUCLID PILLAR COCK,CP,PARRYWARE,EUCLID,2340,5,6,
448,G2365A1,PARRYWARE G2365A1 EUCLID SL BASIN MIXER,CP,PARRYWARE,EUCLID,4270,2,3,
449,G2714A1,PARRYWARE G2714A1 ALPHA BASIN MIXER,CP,PARRYWARE,ALPHA,3150,1,1,1523.7
450,G2716A1,PARRYWARE G2716A1 ALPHA 2-IN-1 WALL MIXER,CP,PARRYWARE,ALPHA,5790,,4,10946.08
451,G2721A1,PARRYWARE G2721A1 ALPHA WALL MOUNTED SINK COCK,CP,PARRYWARE,ALPHA,2150,,8,8296.96
452,G2722A1,PARRYWARE G2722A1 ALPHA PILLAR COCK,CP,PARRYWARE,Primary,1470,14,11,7403.99
453,G2738A1,PARRYWARE G2738A1 ALPHA DECK MTD SINK COCK,CP,PARRYWARE,ALPHA,2580,2,1,1245.27
454,G2754A1,PARRYWARE G2754A1 ALPHA SINGLE LEVER WALL MIXER WITH OHS,CP,PARRYWARE,ALPHA,7360,2,2,6905.74
455,G2766A1,PARRYWARE G2766A1 ALPHA MID PILLAR COCK,CP,PARRYWARE,ALPHA,2640,6,1,1234.45
456,G2780A1,PARRYWARE G2780A1 ALPHA BIB COCK WITH AREATOR,CP,PARRYWARE,ALPHA,1330,,5,1710.8
457,G2796A1,PARRYWARE G2796a1 ALPHA CON.PILLAR COCK UPPER TRIM,CP,PARRYWARE,ALPHA,1600,,1,607.83
458,G2797A1,PARRYWARE G2797A1 ALPHA CONC. PILLAR COCK BODY,CP,PARRYWARE,ALPHA,1560,,1,699.1
459,G291XA1,PARRYWARE G291XA1 CLARET SINGLE LEVER W/M SINK MIXER,CP,PARRYWARE,CLARET,4450,3,1,1146.15
460,G3118A1,PARRYWARE G3118A1 CRUST SINGLE LEVER WALL MIXER,CP,PARRYWARE,CRUST,5810,2,2,5891.16
461,G3121A1,PARRYWARE G3121A1 CRUST SINK COCK,CP,PARRYWARE,CRUST,2950,,2,3004.16
462,G3127A1,PARRYWARE G3127A1 CRUST BATH SPOUT,CP,PARRYWARE,CRUST,1490,2,2,1506.58
463,G3128A1,PARRYWARE G3128A1 CRUST BATH SPOUT WITH DIVERTOR,CP,PARRYWARE,CRUST,1810,7,5,4595.4
464,G3164A1,PARRYWARE G3164A1 CRUST TALL PILLAR TAP,CP,PARRYWARE,CRUST,3480,,2,3398.8
465,G3302A1,PARRYWARE G3302A1 AGATE PRO PILLAR COCK,CP,PARRYWARE,AGATE PRO,1900,7,5,4491.8
466,G3303A1,PARRYWARE  G3303A1  AGATE PRO  GATE PRO SWAN NECK PILLAR COC,CP,PARRYWARE,AGATE PRO,2850,,2,2748.24
467,G3304A1,PARRYWARE G3304A1 AGATE PRO BIB COCK,CP,PARRYWARE,AGATE PRO,1810,16,9,7841.97
468,G3314A1,PARRYWARE G3314A1 AGATE PRO SL BASIN MIXER,CP,PARRYWARE,AGATE PRO,3570,,1,
469,G3316A1,PARRYWARE G3316A1 AGATE PRO WALL MIXER 2 IN 1,CP,PARRYWARE,AGATE PRO,7120,2,3,10101.81
470,G3321A1,PARRYWARE G3321A1 AGATE PRO SINK COCK,CP,PARRYWARE,AGATE PRO,2640,7,2,2522.98
471,G3334A1,PARRYWARE G3334A1 AGATE PRO TWO WAY BIB COCK,CP,PARRYWARE,AGATE PRO,2550,4,4,4916.2
472,G3351A1,PARRYWARE G3351A1 AGATE PRO UPPER TRIM,CP,PARRYWARE,AGATE PRO,630,3,4,684.32
473,G3801A1,PARRYWARE G3801A1 PLUTO PILLAR COCK,CP,PARRYWARE,PLUTO,1280,7,6,3530.34
474,G3804A1,PARRYWARE G3804A1 PLUTO BIB COCK,CP,PARRYWARE,PLUTO,1150,4,10,5505.5
475,G3806A1,PARRYWARE G3806A1 PLUTO LONG BODY BIB COCK,CP,PARRYWARE,PLUTO,1350,9,11,7294.98
476,G3815A1,PARRYWARE G3815A1 PLUTO S/L BASIN MIXER,CP,PARRYWARE,PLUTO,3760,,1,1855.29
477,G3816A1,PARRYWARE G3816A1 PLUTO 2 IN 1 WALL MIXER,CP,PARRYWARE,PLUTO,5630,7,5,7242.15
478,G382KA1,Parryware G382ka1 Pluto Hf Upper Trim,CP,PARRYWARE,PLUTO,1350,2,2,
479,G3834A1,PARRYWARE G3834A1 PLUTO 2 WAY BIB COCK,CP,PARRYWARE,PLUTO,1810,27,15,13150.95
480,G3879A1,PARRYWARE G3879A1 PLUTO NOZZLE BIB COCK,CP,PARRYWARE,PLUTO,1190,13,9,5295.51
481,G3885A1,PARRYWARE G3885A1 PLUTO H/F CON DIV UPPER TRIM,CP,PARRYWARE,PLUTO,1420,,1,699.1
482,G4836A1,PARRYWARE G4836A1 EDGE SINK COCK,CP,PARRYWARE,EDGE,2800,,4,5388.36
483,G4864A1,PARRYWARE G4864A1 EDGE TALL PILLAR COCK,CP,PARRYWARE,EDGE,3410,5,1,1646.24
484,G4888A1,Parryware G4888a1 Edge Hf Con Div,CP,PARRYWARE,EDGE,3750,31,16,38224.00
485,G5053A1,PARRYWARE G5053A1JADE CONCEALED BODY 3/4,CP,PARRYWARE,JADE,1190,3,6,3881.76
486,G522KA1,PARRYWARE G522KA1 CLARET ULTRA HF UPPER TRIM,CP,PARRYWARE,CLARET,1470,1,2,1486.00
487,G5234A1,PARRYWARE G5234A1 CLARET TWO WAY BIB COCK,CP,PARRYWARE,CLARET,1780,104,28,23640.12
488,G5249A1,PARRYWARE G5249A1 CLARET T/M SINGLE LEVER SINK MIXER,CP,PARRYWARE,CLARET,5750,,2,2959.32
489,G5279A1,PARRYWARE G5279A1 CLARET BIB COCK W NOZZLE,CP,PARRYWARE,CLARET,1170,49,8,4534.16
490,G5284A1,PARRYWARE G5284A1 CLARET 3 INLET UPPER TRIM,CP,PARRYWARE,CLARET,1530,,1,
491,G5285A1,PARRYWARE G5285A1 CLARET HI FLOW CONCEALED DIVERTER UPPER TR,CP,PARRYWARE,CLARET,1470,3,2,701.62
492,G541PA1,PARRYWARE G541PA1 PILLAR COCK AC/DC,CP,PARRYWARE,Primary,6260,,1,3099.00
493,G541UA1,PARRYWARE G541UA1 SENSOR TALL PILLAR COCK AC/DC,CP,PARRYWARE,Primary,6350,,1,3146.00
494,G5727A1,PARRYWARE G5727A1 AQUA WALL SPOUT,CP,PARRYWARE,Primary,1210,3,8,
495,G572XA1,PARRYWARE G572XA1 WALL SPOUT LARGE,CP,PARRYWARE,Primary,1740,,1,
496,G5834A1,PARRYWARE G5834A1 PRASEO 2 WAY BIB COCK,CP,PARRYWARE,PRASEO,1770,12,13,
497,G730199,PARRYWARE G730199 JADE INNER FITTINGS,SPARES,PARRYWARE,JADE,250,,2,290.28
498,G754499,PARRYWARE G754499 AGATE INNER HEAD QUATER TURN,SPARES,PARRYWARE,AGATE,250,,2,290.28
499,C01311C,PARRYWARE NEW C01311C ASIAN PAN  500MM WHITE,SANITARY,PARRYWARE,NEW ASIAN PAN,3070,31,7,11156.67
500,PCF095002,"PARRYWARE PCF095002 CPVC CLARET SHOWER VALVE 3/4""",CP,Pvc,CLARET,1113,6,3,1769.64
501,PCF095003,"PARRYWARE PCF095003 CLARET PVC CONCEALED VALVE  1""",CP,Pvc,CLARET,1543,3,2,
502,PCF096002,"PARRYWARE PCF096002 CPVC JADE SHOWER VALVE 3/4""",CP,Pvc,JADE,1124,9,1,595.00
503,FCSC0503,PARRYWARE SANCLEAN FCSC0503 TOILET CLEANER 500ML,SPARES,PARRYWARE,ESSENTIALS,93,8,1,51.55
504,T0721A1,PARRYWARE T0721A1 PLUTO W/M SINK COCK,CP,PARRYWARE,PLUTO,1960,2,4,3849.32
505,T0742A1,PARRYWARE T0742A1 PLUTO TALL PILLAR COCK,CP,PARRYWARE,PLUTO,2470,1,1,1196.49
506,T1303A1,PARRYWARE T1303A1 PRASEO PILLAR COCK S/N LEFT HAND,CP,PARRYWARE,PRASEO,1940,,1,908.27
507,T131SA1,PARRYWARE T131SA1 PRASEO PILLAR COCK,CP,PARRYWARE,PRASEO,1510,60,24,17841.12
508,T1321A1,PARRYWARE T1321A1 PRASEO W/M SINK COCK,CP,PARRYWARE,PRASEO,1770,32,6,5084.4
509,T132DA1,PARRYWARE T132DA1 PRASEO S/L BASIN MIXER,CP,PARRYWARE,PRASEO,3540,,1,1598.48
510,T1342A1,PARRYWARE T1342A1 PRASEO TALL PILLAR COCK,CP,PARRYWARE,PRASEO,2470,18,4,4256.6
511,T1354A1,PARRYWARE T1354A1 PRASEO 2 IN 1 WALL MIXER,CP,PARRYWARE,PRASEO,5520,25,5,12804.1
512,T1370A1,PARRYWARE T1370A1 PRASEO BIB COCK,CP,PARRYWARE,PRASEO,1110,18,14,7414.68
513,T1371A1,PARRYWARE T1371A1 PRASEO LONG BODY,CP,PARRYWARE,PRASEO,1330,43,15,9217.8
514,T171LA1,PARRYWARE T171LA1 NATURAL FLOW BASIN MIXER,CP,PARRYWARE,Primary,8100,1,1,2084.21
515,T2316A1,PARRYWARE T2316A1 QUATTRO 2 IN 1 WALL MIXER,CP,PARRYWARE,QUATTRO,7220,6,1,3848.44
516,T2317A1,PARRYWARE T2317A1 QUATTRO 3 IN 1 WALL MIXER,CP,PARRYWARE,QUATTRO,7440,1,2,
517,T2327A1,PARRYWARE T2327A1 QUATTRO BATH SPOUT,CP,PARRYWARE,QUATTRO,1640,4,2,1924.66
518,T2385A1,PARRYWARE T2385A1 QUATTRO H/F UPPER TRIM,CP,PARRYWARE,QUATTRO,1960,14,5,6335.00
519,T3201A1,PARRYWARE T3201A1  BOTTLE TRAP LIGHT,CP,PARRYWARE,Primary,1640,21,7,5260.71
520,T3302A1,PARRYWARE T3302A1  CONCFLUSH VALVE  40mm,CP,PARRYWARE,Primary,4150,17,5,11405.05
521,T4601A1,PARRYWARE T4601A1 CLARET PILLAR COCK,CP,PARRYWARE,CLARET,1210,112,21,12129.18
522,T4604A1,PARRYWARE T4604A1 CLARET BIB COCK,CP,PARRYWARE,CLARET,1130,60,8,4188.16
523,T4606A1,PARRYWARE T4606A1 CLARET LONG BODY BIB COCK,CP,PARRYWARE,CLARET,1320,104,14,8906.1
524,T4616A1,PARRYWARE T4616A1 CLARET 2-IN-1 WALL MIXER,CP,PARRYWARE,CLARET,5550,60,7,18632.18
525,T4617A1,PARRYWARE T4617A1 CLARET WALL MIXER 3-IN-1,CP,PARRYWARE,CLARET,6480,21,5,8323.4
526,T4621A1,PARRYWARE T4621A1 CLARET WALL MOUNTED SINK COCK,CP,PARRYWARE,CLARET,1920,36,19,17668.1
527,T4627A1,PARRYWARE T4627A1 PARRY CLARET BATH SPOUT WITH DIVERTER,CP,PARRYWARE,CLARET,1950,10,7,6584.97
528,T4628A1,PARRYWARE T4628A1 CLARET BATH SPOUT,CP,PARRYWARE,CLARET,1390,24,10,6685.9
529,T4665A1,PARRYWARE T4665A1 CLARET SINGLE LEVER BASIN MIXER,CP,PARRYWARE,CLARET,3680,,2,3550.18
530,T4668A1,PARRYWARE T4668A1 CLARET SWAN NECK PILLAR COCK,CP,PARRYWARE,CLARET,1920,8,2,1859.8
531,T5001A1,PARRYWARE T5001A1 UNO PILLAR COCK,CP,PARRYWARE,UNO,1300,45,8,4534.16
532,T5003A1,PARRYWARE T5003A1 UNO SWAN NECK PILLAR COCK,CP,PARRYWARE,UNO,1940,,2,1827.36
533,T5004A1,PARRYWARE T5004A1 UNO BIB COCK,CP,PARRYWARE,UNO,1150,24,15,8014.95
534,T5006A1,PARRYWARE T5006A1 UNO LONG BODY BIB COCK,CP,PARRYWARE,UNO,1380,59,6,3914.22
535,T5016A1,PARRYWARE T5016A1 UNO WALL MIXER 2-IN-1,CP,PARRYWARE,UNO,5670,25,5,13470.9
536,T5017A1,PARRYWARE T5017A1 UNO 3 IN 1 WALL MIXER,CP,PARRYWARE,UNO,6680,6,3,9477.36
537,T501ZA1,PARRYWARE T501ZA1 UNO TWO WAY BIB COCK,CP,PARRYWARE,UNO,1810,25,15,12907.65
538,T5021A1,PARRYWARE T5021A1 UNO WALL MOUNTED SINK COCK,CP,PARRYWARE,UNO,2000,12,7,6622.77
539,T5042A1,PARRYWARE T5042A1 UNO TALL PILLAR COCK,CP,PARRYWARE,UNO,2310,2,2,2470.00
540,T5065A1,PARRYWARE T5065A1 UNO BASIN MIXER,CP,PARRYWARE,UNO,3850,3,1,1822.85
541,T5066A1,Parryware T5066a1 Uno Mini Angle Valve,CP,PARRYWARE,UNO,690,,50,
542,T5085A1,PARRYWARE T5085A1 UNO HIGH FLOW UPPER TRIM,CP,PARRYWARE,UNO,1420,7,2,1337.18
543,T5136A1,PARRYWARE T5136A1 CASA OH SHOWER SQ WITH ARM,CP,PARRYWARE,CASA,1910,3,3,
544,T5145A1,PARRYWARE T5145A1 3 WAY THERMO STATIC DIV BODY,CP,PARRYWARE,Primary,13000,,2,
545,T5147A1,PARRYWARE T5147A1 3 WAY THERMOSTAT DIV UPPER TRIM SQ,CP,PARRYWARE,Primary,3700,,2,
546,T516099,PARRYWARE T516099 THREADED SEAL TAPE,CP,PARRYWARE,Primary,25,738,182,2338.7
547,T518199,PARRYWARE T518199 LOTION DISPENSER 500ML,CP,PARRYWARE,Primary,790,,1,
548,T5801A1,PARRYWARE  T5801A1 PRUNO PILLAR COCK,CP,PARRYWARE,PRUNO,1180,9,6,3510.00
549,T5816A1,PARRYWARE T5816A1 PRUNO 2 IN 1 WALL MIXER,CP,PARRYWARE,PRUNO,5390,2,2,5340.00
550,T5821A1,Parryware T5821a1 Pruno W/m Sink Cock,CP,PARRYWARE,PRUNO,1860,,2,
551,T6001A1,PARRYWARE T6001A1 STANDARD TOWEL RAIL,CP,PARRYWARE,Primary,1990,3,7,7350.00
552,T6002A1,PARRYWARE T6002A1 STANDARD TOWEL RING,CP,PARRYWARE,STANDARD,1320,3,5,3150.00
553,T6005A1,PARRYWARE T6005A1 STANDARD PAPER HOLDER,CP,PARRYWARE,STANDARD,1120,1,2,1184.00
554,T6006A1,PARRYWARE T6006A1 STANDARD ROBE HOOK,CP,PARRYWARE,STANDARD,820,,1,417.00
555,T6008A1,"PARRYWARE T6008A1 STANDARD TOWEL RACK 24""",CP,PARRYWARE,STANDARD,4260,3,3,6750.00
556,T7201A1,PARRYWARE T7201A1 ESPIRION PILLAR COCK,CP,PARRYWARE,ESPIRION,1500,50,12,9096.00
557,T7204A1,PARRYWARE T7204A1 ESPIRION BIB COCK,CP,PARRYWARE,ESPIRION,1160,7,10,5750.00
558,T7206A1,PARRYWARE T7206A1 ESPIRION LONG BODY BIB COCK,CP,PARRYWARE,ESPIRION,1370,35,12,8328.00
559,T7216A1,PARRYWARE T7216A1 ESPIRION 2 IN 1 WALL MIXER,CP,PARRYWARE,ESPIRION,5170,40,5,13095.00
560,T7221A1,PARRYWARE T7221A1 ESPIRION W/M SINK COCK,CP,PARRYWARE,ESPIRION,1890,21,10,9560.00
561,T7234A1,PARRYWARE T7234A1 ESPIRION TWO WAY BIB COCK,CP,PARRYWARE,ESPIRION,1670,1,5,4125.00
562,T9701A1,PARRYWARE T9701A1 OPERA HAND SHOWER,CP,PARRYWARE,Primary,1290,,4,2716.00
563,T9801A1,PARRYWARE T9801A1 CEILING SHOWER ARM,CP,PARRYWARE,Primary,850,-2,8,3485.36
564,T9802A1,"""""""PARRYWARE T9802A1   WALL MOUNTED SHOWER ARM 15""""""""""""""",CP,PARRYWARE,Primary,1360,14,4,4985.48
565,T9805A1,PARRYWARE T9805A1 SPLASH HEALTH FAUCET,CP,PARRYWARE,SPLASH,890,92,12,5433.6
566,T9808A1,PARRYWARE T9808A1 OVER HEAD SHOWER WITH ARM,CP,PARRYWARE,Primary,1150,61,13,7321.08
567,T9809A1,PARRYWARE T9809A1 OVER HEAD SHOWER WITH ARM,CP,PARRYWARE,Primary,1580,7,10,7848.3
568,T9817A1,PARRYWARE T9817A1 ONE TOUCH SWITCHING WITH HOSE HAND SHOWER,CP,PARRYWARE,Primary,3160,9,3,4660.29
569,T9819A1,PARRYWARE T9819A1 5 MODES AIRMIX HAND SHOWER WITH HOSE,CP,PARRYWARE,AIRMIX,2500,23,1,662.86
570,T9831A1,"""""""PARRYWARE T9831A1 EX NIPPLE 1 1/2""""""""""""""",CP,PARRYWARE,Primary,131.67,157,103,78496.3
571,T9832A1,"""""""PARRYWARE T9832A1 EXTN NIPPLE 2""""""""""""""",CP,PARRYWARE,Primary,179.16,66,57,59008.11
572,T9840A1,PARRYWARE T9840A1 COMFORT FLOW RAIN SHOWER 230MM,CP,PARRYWARE,COMFORT,1910,13,4,3748.4
573,T9844A1,PARRYWARE T9844A1 WATER SAVING GREY FACEPLATE SHOWER 200MM,CP,PARRYWARE,Primary,1420,11,4,
574,T9846A1,PARRYWARE T9846A1 LED FOR TEMP INDICATION SHOWER,CP,PARRYWARE,Primary,6770,,1,3328.52
575,T9850A1,PARRYWARE T9850A1 EASY CLEANING SHOWER WITH ARM,CP,PARRYWARE,EASY,1280,92,10,6316.4
576,T9851A1,PARRYWARE T9851A1 SLEEK SHOWER WITH ARM,CP,PARRYWARE,Primary,1290,65,13,8965.71
577,T9866A1,PARRYWARE T9866A1 3 MODES SOLID BLACK HAND SHOWER,CP,PARRYWARE,Primary,1300,5,2,1247.66
578,T9885A1,PARRYWARE T9885A1 ALPHA SHOWER WITH ARM,CP,PARRYWARE,ALPHA,1410,8,6,4092.06
579,T989199,PARRYWARE T989199 BRAIDED HOSE PIPE 2 FT,CP,PARRYWARE,Primary,192.50,30,10,16219.8
580,T9893A3,PARRYWARE T9893A3 PLUTO CONTROL VALVE 1 INCH,CP,PARRYWARE,PLUTO,2140,,1,
581,T98987C,PARRYWARE  T98987C GALAXY HAND SHOWER W HOSE,CP,PARRYWARE,GALAXY,2780,1,1,1453.47
582,T9898A1,PARRYWARE T9898A1 FT WASTE COUPLING 130MM,CP,PARRYWARE,ALPHA,690,9,11,
583,T98997C,PARRYWARE T98997C GALAXY OVERHEAD SHOWER W ARM 300X190MM,CP,PARRYWARE,Primary,4020,3,1,2099.15
584,T9902A1,PARRYWARE T9902A1 CHROME SINGLE FLOW TELEPHONIC SHOWER,CP,PARRYWARE,SINGLE FLOW,1540,14,5,3739.4
585,T992499,PARRYWARE T992499 GLOW CLEANING LIQUID,CP,PARRYWARE,GLOW,250,7 Bx,6 Bx,32776.2
586,T9927A1,PARRYWARE T9927A1 SINGLE FLOW OVER HEAD SHOWER W ARM,CP,PARRYWARE,Primary,1390,,5,3120.00
587,T9949A1,"""""""PARRYWARE T9949A1   LONG SHOWER ARM  24""""""""""""""",CP,PARRYWARE,Primary,2360,12,3,3506.04
588,T9969A1,PARRYWARE T9969A1 CRUST 3-INLET CONCEALED DIVERTOR BODY,CP,PARRYWARE,CRUST,4730,,1,
589,T9975A1,PARRYWARE T9975A1 SQUARE RAIN SHOWER  200mm,CP,PARRYWARE,SQUARE,3480,16,3,5830.77
590,T9976A1,PARRYWARE T9976A1 ROUND RAIN SHOWER  200mm,CP,PARRYWARE,ROUND,3200,5,6,5089.2
591,T9979A1,PARRYWARE T9979A1 RAIN SHOWER ABS 360*240MM,CP,PARRYWARE,Primary,6090,2,2,5928.98
592,T9985A1,PARRYWARE T9985A1 SINGLE FLOW OVER HEAD SHOWER,CP,PARRYWARE,SINGLE FLOW,1490,,4,2926.64
593,T9990A1,Parryware T9990a1 Rain Shower,CP,PARRYWARE,Primary,11950,,2,
594,C04901C,PARRYWARE TAPTI C04901C BASIN WHITE,SANITARY,PARRYWARE,TAPTI,1790,25,9,7768.08
595,G2742A1,PARRYWRAE G2742A1 ALPHA TALL PILLAR COCK,CP,PARRYWARE,ALPHA,3110,,1,1469.63
596,G4814A1,PARRYWRE G4814a1EDGE BASIN MIXTER,CP,PARRYWARE,EDGE,4010,,1,1031.77
597,A-9,REFLEX A-9 ANTIQUE COLLECTION MIRROR 24*18 OVAL,SANITARY,Reflex,Antique,2300,,1,1265.00
598,CR10,REFLEX CR10 CORNER SHELF 10X10,SANITARY,Reflex,Primary,1250,,2,1376.00
599,D-3,REFLEX D-3 DUO ROUND,SANITARY,Reflex,Primary,3000,,1,1650.00
600,K-2,REFLEX K - 2 KUBIX COLLECTION 24x18,SANITARY,Reflex,Primary,2500,1,1,1375.00
601,K - 5,REFLEX K - 5 KUBIX COLLECTION 24x18,SANITARY,Reflex,Primary,2500,,1,1375.00
602,M-2,REFLEX M-2 MOSAIC COLLECTION,SANITARY,Reflex,MOSAIC,2500,,1,1375.00
603,M-8,"""REFLEX M-8 MOSAIC COLLECTION 18"""" X 24""""""",SANITARY,Reflex,Primary,2500,1,2,2750.00
604,P-1,REFLEX P - 1 PLATINA COLLECTION 24x18,SANITARY,Reflex,Primary,2300,,1,1265.01
605,P-2,REFLEX P - 2 PLATINA COLLECTION 24x18,SANITARY,Reflex,Primary,2300,,1,1155.01
606,P-6,REFLEX P - 6 RECTANGLE PLATINA COLLECTION 24x18,SANITARY,Reflex,Platina,2300,2,1,1265.00
607,P-9,Reflex Platina Collection P-9 Mirror,SANITARY,Reflex,Platina,2300,1,1,1265.01
608,RX01A,Reflex Solo Collection Ess Ess Mirror 24x18,SANITARY,Reflex,Primary,2000,1,1,1100.00
609,RX07,Reflex  Solo Soft Corner Mirror 18x24,SANITARY,Reflex,Solo Soft Corner,2000,2,2,2200.00
610,RX13,"""REFLEX SOLO WAVES MIRROR18""""X24""""""",SANITARY,Reflex,Solo Waves,2000,1,1,1100.00
611,RA801B22003,ROCA DEBBA ROUND RA801B22003 SLIM UF SEAT COVER,SANITARY,ROCA,DEBBA,8300,,1,2973.37
612,RA801472003,ROCA RA801472003 THE GAP SQUARE SLIM SEAT COVER,SANITARY,ROCA,THE GAP,8570,,3,11471.97
613,RA8019D2005,Roca RA8019D2005 Debba Square Slim Seat Cover,SANITARY,ROCA,DEBBA,8500,,1,3520.59
614,RA801C4200U,ROCA RA801C4200U NEXO SLIM SEAT COVER,SANITARY,ROCA,NEXO,9900,,1,3538.83
615,RA801D12003,ROCA RA801D12003 THE GAP ROUND SLIM SEAT COVER,SANITARY,ROCA,THE GAP,9900,,1,3565.75
616,RA801E22001,ROCA RA801E22001 ONA COMPACT SEAT COVER,SANITARY,ROCA,Primary,8500,,1,2390.00
617,RA816703001,ROCA RA816703001 TWIN GEL DISPENSER W/M,CP,ROCA,TWIN,5860,,1,534.48
618,RE80P397001,ROCA RE80P397001 VICTORIA SOFT CLOSE SEAT COVER WHITE,SANITARY,ROCA,VICTORIA,5100,4,2,4859.68
619,RE80P467001,ROCA RE80P467001 GIRALDA SOFT CLOSE SEAT COVER WHITE,SANITARY,ROCA,GIRALDA,5500,,1,2833.16
620,RE890010100,ROCA RE890010100 CONCEALED CISTERN WITH HALF FRAME,SANITARY,ROCA,SLENDRA PLUS,9800,46,11,42975.46
621,RE890196001,ROCA RE890196001 WALL PLATE CHROME,CP,ROCA,SLENDRA PLUS,1657,16,13,14555.84
622,RF5054018A1,ROCA RF5054018A1 FULL THREAD WASTE COUPLING,CP,ROCA,Primary,1000,94,10,3668.3
623,RF525164500,ROCA RF525164500 ANGLE VALVE,CP,ROCA,Primary,1100,323,26,11932.44
624,RF5251707NB,ROCA RF5251707NB ANGLE VALVE MATT BLACK,CP,ROCA,Primary,6400,,1,1853.00
625,RF525883100,ROCA RF525883100 Torrente 400mm Round Shower ArM,CP,ROCA,Primary,4500,2,1,1905.24
626,RF5B0250NB0,ROCA RF5B0250NB0 STRAIGHT WALL ARM BLACK,CP,ROCA,Primary,6400,,1,1930.00
627,RF5B0350C00,ROCA RF5B0350C00 WALL SHOWER ARM 500MM,CP,ROCA,Primary,4800,,2,
628,RF5B2150C00,ROCA RF5B2150C00 RAIN SENSE SHOWER,CP,ROCA,RAIN SENSE,7400,1,2,6555.74
629,RF5B2250C00,ROCA RF5B2250C00 SHOWER HEAD 200mm,CP,ROCA,Primary,8500,3,1,4113.85
630,RF5B2250NB0,ROCA RF5B2250NB0 HEAD SHOWER BLACK,CP,ROCA,Primary,10500,,2,
631,RF5B4D50G00,ROCA RF5B4D50G00 OVERHEAD SHOWER 250MM SQ GOLD,CP,ROCA,SHOWER,17640,,2,16475.42
632,RF5B4D50NM0,ROCA RF5B4D50NM0 OHS 250MM SQUARE BLACK,CP,ROCA,Primary,51000,,3,13238.19
633,RF5B4E50G00,ROCA RF5B4E50G00 SHOWER ARM 400 SHINY GOLD,CP,ROCA,SHOWER,6400,,2,5977.04
634,RF5B4E50NM0,ROCA RF5B4E50NM0 WALL SHOWER ARM 400MM BLACK,CP,ROCA,Primary,8800,,3,5883.96
635,RF5BF103C00,ROCA RF5BF103C00 STELLA  3FLOW OVER HEAD SHOWER,CP,ROCA,STELLA,1451,2,2,2665.14
636,RF5BH103C00,ROCA RF5BH103C00 STELLA SINGLE FLOW HEAD SHOWER,CP,ROCA,STELLA,2060,3,8,9002.64
637,RF890188308,ROCA RF890188308 SLENDRA PLUS WALL PLATE GLASS BLACK,CP,ROCA,SLENDRA PLUS,9680,,1,1692.51
638,RF9060A1,ROCA RF9060A1  HEALTH FAUCET WITH TUBE HOOK CHROME,CP,ROCA,Primary,3500,7,6,8520.48
639,RF9066A1,ROCA RF9066A1 BOTTLE TRAP,CP,ROCA,Primary,3100,14,8,10879.28
640,RS320435460,ROCA RS320435460 NUBA BASIN WHITE,SANITARY,ROCA,NUBA,4200,3,4,8181.24
641,RS325394460,ROCA RS325394460 VICTORIA WALL HUNG BASIN,SANITARY,ROCA,VICTORIA,4400,4,3,6341.73
642,RS325996000,ROCA RS325996000 DEBBA WALL HUNG BASIN 500*420,SANITARY,ROCA,DEBBA,13600,,1,6852.23
643,RS325998460,ROCA RS325998460 DEBBA WALL HUNG BASIN 400MM,SANITARY,ROCA,DEBBA,1682,6,5,6340.00
644,RS327060080,ROCA RS327060080 TRINE OVER COUNTER TOP BOWL BLACK,SANITARY,ROCA,TRINE,7400,,2,
645,RS327060650,ROCA RS327060650 TRINE OVER COUNTER TOP BEIGE BOWL,SANITARY,ROCA,TRINE,7400,1,1,
646,RS32722K080,ROCA RS32722K080 FUSION S OVER COUNTER BASIN BLACK,SANITARY,ROCA,FUSION-S,14700,,2,
647,RS32722K460,ROCA RS32722K460 FUSION-S ON COUNTER TOP BASIN WHITE 520x400,SANITARY,ROCA,FUSION-S,11300,,1,5982.66
648,RS32722K650,ROCA RS32722K650 FUSION S OVER COUNTER TOP BASIN BEIGE,SANITARY,ROCA,FUSION-S,14700,,2,
649,RS32722M460,ROCA RS32722M460 FUSION-O ON COUNTER TOP BASIN WHITE,SANITARY,ROCA,FUSION-O,8700,,1,4337.94
650,RS32727600B,ROCA RS32727600B HORIZON GEOMETRIC BOWL SHINY WHITE,SANITARY,ROCA,HORIZON,18500,,1,6188.00
651,RS32727610B,ROCA RS32727610B CUBA GEOMATERIC HORIZON,SANITARY,ROCA,Primary,24000,,1,5715.00
652,RS327450460,ROCA RS327450460 LOOP ON COUNTER TOP BASIN,SANITARY,ROCA,LOOP,8000,,1,4219.26
653,RS32745D460,ROCA RS32745D460 ZUN BOWL,SANITARY,ROCA,Primary,16400,,2,15263.32
654,RS32745D650,ROCA RS32745D650 ZUN OVER COUNTER TOP BASIN BEIGE,SANITARY,ROCA,Zun,21300,,2,
655,RS327474000,ROCA RS327474000 THE GAP WASH BASIN,SANITARY,ROCA,THE GAP,22000,,1,8162.1
656,RS327476460,ROCA RS327476460 THE GAP WALL HUNG BASIN 500MM,SANITARY,ROCA,THE GAP,9000,,2,9379.52
657,RS32747S000,Roca Rs32747s000 The Gap Sq Semi Recessed Wash Basin,SANITARY,ROCA,THE GAP,15100,,1,
658,RS32747Y410,ROCA RS32747Y410 THE GAP SEMI INSERT BASIN W TAP HOLE PERGAM,SANITARY,ROCA,THE GAP,5530,,1,
659,RS3275L000C,ROCA RS3275L000C ONA LIGHT COUNTER TOP BASIN 500,SANITARY,ROCA,Primary,8500,,1,
660,RS327642000,ROCA RS327642000 NEXO WALL HUNG BASIN WHITE 550x450,SANITARY,ROCA,NEXO,13180,,2,5902.08
661,RS327643000,ROCA RS327643000 NEXO WALL HUNG BASIN WHITE 450x385,SANITARY,ROCA,NEXO,10100,,1,4838.42
662,RS327654460,ROCA RS327654460 KHROMA BOWL BASIN WHITE,SANITARY,ROCA,KHROMA,8500,,1,5195.83
663,RS32765J64C,ROCA RS32765J64C KHROMA BOWL BLACK,SANITARY,ROCA,KHROMA,20500,,1,
664,RS327689S00,ROCA RS327689S00 ONA WALL HUNG BASIN 800MM,SANITARY,ROCA,Primary,21712,,1,10126.00
665,RS32768L00C,ROCA RS32768L00C ONA SEMI INSERT BASIN W TAP HOLE,SANITARY,ROCA,Primary,12500,,1,
666,RS327863460,ROCA RS327863460 JAVA IN COUNTER TOP BASIN WHITE 560x475mm,SANITARY,ROCA,JAVA,4640,1,2,4859.66
667,RS327875001,ROCA RS327875001 CORAL COUNTER TAP BASIN,SANITARY,ROCA,CORAL,11430,,1,4876.74
668,RS327876080,ROCA RS327876080 BOL OVER COUNTER TOP BASIN BLACK MATT,SANITARY,ROCA,BOL,10500,,2,
669,RS327876460,ROCA RS327876460 BOL BOWL BASIN WHITE,SANITARY,ROCA,BOL,6212,5,2,8005.62
670,RS327876650,ROCA RS327876650 BOL BOWL BEIGE,SANITARY,ROCA,BOL,10500,,2,
671,RS327A13000,ROCA RS327A13000  OHTAKE ON COUNTER TOP BASIN SHINY WHITE,SANITARY,ROCA,OHTAKE,21000,,1,9857.13
672,RS327C10100,ROCA RS327C10100 OPTICA BOWL ONYX 450X300,SANITARY,ROCA,Primary,12100,,1,3318.00
673,RS330430460,ROCA RS330430460 NUBA SEMI PEDESTAL WHITE,SANITARY,ROCA,NUBA,2300,3,2,2129.42
674,RS336312465,ROCA RS336312465 VICTORIA SEMI PEDESTAL WHITE,SANITARY,ROCA,VICTORIA,2510,4,1,1201.87
675,RS337471460,ROCA RS337471460 THE GAP SEMI PEDESTAL WHITE,SANITARY,ROCA,THE GAP,5000,,2,5387.88
676,RS337611000,ROCA RS337611000 NEXO SEMI PEDESTAL WHITE,SANITARY,ROCA,NEXO,8700,,1,4822.88
677,RS337991000,Roca Rs337991000 Debba Short Pedestal With (550mm),SANITARY,ROCA,DEBBA,7500,,1,3775.18
678,RS341307000,ROCA RS341307000 VICTORIA CISTERN WHITE,SANITARY,ROCA,VICTORIA,7700,4,1,3858.76
679,RS3460NL460,ROCA RS3460NL460 THE GAP ROUND WALVIT PAN,SANITARY,ROCA,THE GAP,16800,,1,6958.00
680,RS346303460,ROCA RS346303460 VICTORIA OPEN RIM WC PAN,SANITARY,ROCA,VICTORIA,9000,2,1,3975.28
681,RS346307460,ROCA RS346307460 VICTORIA BOX RIM WC PAN,SANITARY,ROCA,VICTORIA,10600,4,1,5286.71
682,RS346430460,ROCA RS346430460 NUBA WALL HUNG BOX RIM WC PAN,SANITARY,ROCA,NUBA,11500,4,2,7746.64
683,RS346467460,ROCA RS346467460 GIRALDA BOX RIM WALVIT PAN,SANITARY,ROCA,GIRALDA,11700,,1,6081.95
684,RS34647A000,ROCA RS34647A000 THE GAP COMPACT RIMLESS WALVIT PAN,SANITARY,ROCA,THE GAP,16600,1,1,7037.69
685,RS34647L460,ROCA RS34647L460 THE GAP RIMLESS WALL HUNG WHITE,SANITARY,ROCA,THE GAP,23500,,3,25451.28
686,RS34664L000,ROCA RS34664L000 NEXO RIMLESS WALL HUNG CLOSET WHITE,SANITARY,ROCA,NEXO,31700,,1,11872.24
687,RS346688S00,ROCA RS346688S00 ONA COMPACT WALL HUNG CLOSET,SANITARY,ROCA,Primary,36000,,1,10126.00
688,RS346998000,ROCA RS346998000 DEBBA RIMLESS WALL HUNG ROUND WHITE,SANITARY,ROCA,DEBBA,14500,,1,7256.68
689,RS34699L000,ROCA RS34699L000 DEBBA SQUARE WALL HUNG WATER CLOSET RIMLESS,SANITARY,ROCA,DEBBA,20200,,1,5432.58
690,RS35364P460,ROCA RS35364P460 THE GAP W/M BACK INLET URINAL,SANITARY,ROCA,THE GAP,14600,,1,
691,RS3590J300C,ROCA RS3590J300C PROTON R/L W/M BACK INLET URINAL,SANITARY,ROCA,PROTON,19900,,1,
692,RS3590J400C,ROCA RS3590J400C PROTON URINAL,SANITARY,ROCA,Primary,44000,6,1,
693,RS35945J460,ROCA RS35945J460 URINAL BACK INLET WHITE,CP,ROCA,URINAL PUSH,12640,,1,4159.9
694,RT525227403CA1,ROCA RT525227403CA1 Monodin-n CONCEALED PILLAR COCK BODY,CP,ROCA,Monodin-n,2730,,2,2756.5
695,RT5253089G0,ROCA RT5253089G0 ESCUADRA PVD BATH SPOUT GOLD,CP,ROCA,ESCUADRA,12000,,2,10095.9
696,RT5253089NM,ROCA RT5253089NM ESCUADRA BATH SPOUT BLACK,CP,ROCA,ESCUADRA,13800,,1,2892.93
697,RT5258335A1,ROCA RT5258335A1 R44 SINGLE LEVER CONCEALED DIVERTER,CP,ROCA,Monojet-n,6000,,2,6113.2
698,RT5258390A1,ROCA RT5258390A1 MONosJET-N UPPER CHROMED PARTS CHROME,CP,ROCA,Monojet-n,4500,,2,5566.08
699,RT5258433A1,Roca RT5258433A1Single Lever Concealed Diverter,CP,ROCA,Monodin-n,5900,12,3,8617.17
700,RT5A0103CA1,ROCA RT5A0103CA1 ESTRELLA WALL SPOUT WITH SQUAREM WALL FLANG,CP,ROCA,ESTRELLA,3000,,3,4517.31
701,RT5A0620G0N,ROCA RT5A0620G0N SHOWER MIXER GOLD,CP,ROCA,SHOWER,27860,,2,28625.44
702,RT5A0620NMN,ROCA RT5A0620NMN ESCUADRA SHOWER MIXER BLACK,CP,ROCA,ESCUADRA,29900,,3,19122.15
703,RT5A066ENB0,ROCA RT5A066ENB0 CALA BATH SHOWER MIXER,CP,ROCA,Primary,20000,,1,
704,RT5A074FCA1,ROCA RT5A074FCA1 VICTORIA PLUS HF UPPER TRIM,CP,ROCA,Primary,4000,,2,2206.00
705,RT5A087CCNK,ROCA RT5A087CCNK ESCUADRA SPOUT BRUSHED BLACK,CP,ROCA,ESCUADRA,17000,,2,
706,RT5A087CNBK,ROCA RT5A087CNBK SPOUT W DIV BLACK MATT,CP,ROCA,Primary,22200,,1,7584.00
707,RT5A0Z09CA1,ROCA RT5A0Z09CA1 L 20 CONCEALED DIVERTER,CP,ROCA,L 20,3900,,1,2043.00
708,RT5A0Z98CA1,ROCA RT5A0Z98CA1 MONODIN N BATH SHOWER UPPER TRIM,CP,ROCA,Monodin-n,4900,,1,1983.00
709,RT5A3020G0N,ROCA RT5A3020G0N ESCUADRA BASIN MIXER WITH POP UP WASTE GOLD,SANITARY,ROCA,ESCUADRA,26670,,2,13487.88
710,RT5A307AC0H,Roca Rt5a307ac0h Saona Basin Mixer With Popup Waste Coupl,SANITARY,ROCA,SAONA,8000,,1,
711,RT5A3107CA1,Roca Rt5a3107ca1 Monodin Basin Mixer,SANITARY,ROCA,Primary,7680,13,4,
712,RT5A3125CA1,ROCA RT5A3125CA1 VICTORIA-N BASIN MIXER WITH AERATOR CHROME,CP,ROCA,VICTORIA-N,6580,,1,3558.2
713,RT5A326ENBN,ROCA RT5A326ENBN CALA BASIN MIXER SMOOTH BODY,CP,ROCA,Primary,17000,,1,4688.00
714,RT5A3721C0B,ROCA RT5A3721C0B SINGLE ONE TALL PILLAR TAP CHROME,CP,ROCA,SINGLE ONE,7900,,1,3971.88
715,RT5A4221C0B,ROCA RT5A4221C0B SINGLE ONE PILLAR TAP CHROME,CP,ROCA,SINGLE ONE,6700,3,1,3552.19
716,RT5A4225CA1,ROCA RT5A4225CA1 VICTORIA-N PILLAR COCK CHROME,CP,ROCA,VICTORIA-N,3100,,3,2871.39
717,RT5A424FCA1,ROCA RT5A424FCA1 VICTORIA PLUS PILLAR COCK,CP,ROCA,Primary,3250,17,2,1793.00
718,RT5A4298CA1,ROCA RT5A4298CA1 MONODIN N PILLAR COCK,CP,ROCA,Monodin-n,3900,,4,7857.28
719,RT5A5701C00,ROCA RT5A5701C00 L90 SENSOR TAP AC,CP,ROCA,L 90,73650,,1,9473.14
720,RT5A6590CA1,ROCA RT5A6590CA1 WALL MOUNTED PILLAR COCK UPPER TRIM,CP,ROCA,Primary,5690,,1,2867.59
721,RT5A6598CA1,ROCA RT5A6598CA1 Monodin-n WALL MOUNTED PILLAR COCK UPPER TR,CP,ROCA,Primary,3870,,1,1719.00
722,RT5A784FCA1,ROCA RT5A784FCA1 VICTORIA PLUS BIB COCK,CP,ROCA,Primary,2875,,1,1186.00
723,RT5A7909CA1,ROCA RT5A7909CA1 L 20 SINK COCK,CP,ROCA,L 20,4200,2,4,8449.96
724,RT5A7998CA1,ROCA RT5A7998CA1 Monodin N Wall Mounted Sink Tap(chrome),CP,ROCA,Monodin-n,4400,15,5,6848.3
725,RT5E3504CA1,ROCA RT5E3504CA1 VICTORIA PLUS CON BODY DIV HF,CP,ROCA,Primary,6800,,2,3751.4
726,RT9041CA1,ROCA RT9041CA1 TIP TON SPOUT,CP,ROCA,Primary,6380,,1,2385.03
727,RA801732001,ROCA THE GAP SQ COMPACT RA801732001 SLIM SEAT COVER,SANITARY,ROCA,Primary,9000,1,1,3229.57
728,SG05,SANGAM BRASS FLANGE,CP,SANGAM,Primary,34,313,64,1950.72
729,WT24,WASHING MACHINE TAP,CP,WATER-TEC,Primary,439,3,3,790.2
730,WT58,WASTE PIPE,CP,WATER-TEC,Primary,100,174,43,1926.4
731,WT35W,WATER-TEC   CONNECTION WHITE 1.5 MTR,CP,WATER-TEC,Primary,283,8,8,1205.12
732,WT32W,WATER-TEC   CONNECTION WHITE 15x450mm,CP,WATER-TEC,Primary,116,251,25,1540.00
733,WT31W,WATER-TEC   CONNECTION WHITE 15x600mm,CP,WATER-TEC,Primary,130,419,27,1859.76
734,WT16,WATER-TEC   WT 16 BATHROOM CABINET WITH MIRROR WHITE,SANITARY,WATER-TEC,Primary,2807,8,2,3207.62
735,WT2013,WATER-TEC WT2013 HF ICON HEALTH FAUCET,CP,WATER-TEC,ICON,753,,2,
736,WT70,WATER-TEC WT70 SQ HEALTH FAUCET,CP,WATER-TEC,Primary,654,,2,
,,,,,,5662463,8453,3070,4399399
